[2026-08-05 22:58:16] [STARTUP] Starting Falcon AI Launcher in Development mode...
[2026-08-05 22:58:16] [INFO] Searching for Backend project...
[2026-08-05 22:58:16] [SUCCESS] Found Backend project at: C:\falcon
[2026-08-05 22:58:16] [INFO] Searching for Flutter project...
[2026-08-05 22:58:16] [FAILURE] Flutter project not found. No pubspec.yaml was detected in the project root or subdirectories.
[2026-08-05 22:58:16] [RECOVERY] Please initialize the Flutter project inside the Falcon directory.
[2026-08-05 23:08:17] [STARTUP] Starting Falcon AI Launcher in Development mode...
[2026-08-05 23:08:17] [INFO] Searching for Backend project...
[2026-08-05 23:08:17] [SUCCESS] Found Backend project at: C:\falcon
[2026-08-05 23:08:17] [INFO] Searching for Flutter project...
[2026-08-05 23:08:17] [SUCCESS] Found exactly one Flutter project at: C:\falcon
[2026-08-05 23:08:17] [INFO] Discovering Python environment...
[2026-08-05 23:08:17] [INFO] Verifying Python dependencies...
[2026-08-05 23:08:18] [FAILURE] Unhandled error during launcher execution:
Traceback (most recent call last):
[2026-08-05 23:08:18] [RECOVERY] Check C:\falcon\logs\startup.log for tracebacks.
[2026-08-05 23:09:44] [STARTUP] Starting Falcon AI Launcher in Development mode...
[2026-08-05 23:09:44] [INFO] Searching for Backend project...
[2026-08-05 23:09:44] [SUCCESS] Found Backend project at: C:\falcon
[2026-08-05 23:09:44] [INFO] Searching for Flutter project...
[2026-08-05 23:09:44] [SUCCESS] Found exactly one Flutter project at: C:\falcon
[2026-08-05 23:09:44] [INFO] Discovering Python environment...
[2026-08-05 23:09:44] [INFO] Verifying Python dependencies...
[2026-08-05 23:09:45] [FAILURE] Missing dependency:
fastapi
[2026-08-05 23:09:45] [RECOVERY] Install using:
& 'python' -m pip install -r requirements.txt
[2026-08-05 23:10:30] [STARTUP] Starting Falcon AI Launcher in Development mode...
[2026-08-05 23:10:30] [INFO] Searching for Backend project...
[2026-08-05 23:10:31] [SUCCESS] Found Backend project at: C:\falcon
[2026-08-05 23:10:31] [INFO] Searching for Flutter project...
[2026-08-05 23:10:31] [SUCCESS] Found exactly one Flutter project at: C:\falcon
[2026-08-05 23:10:31] [INFO] Discovering Python environment...
[2026-08-05 23:10:31] [INFO] Verifying Python dependencies...
[2026-08-05 23:10:32] [SUCCESS] Dependencies verified successfully.
[2026-08-05 23:10:32] [INFO] Verifying Flutter SDK...
[2026-08-05 23:10:34] [SUCCESS] Flutter found: Flutter 3.44.8 G求 channel stable G求 https://github.com/flutter/flutter.git
[2026-08-05 23:10:34] [STARTUP] 
--- Falcon Startup Diagnostics ---
Project Root:          C:\falcon
Detected Backend Path: C:\falcon
Detected Flutter Path: C:\falcon
Selected Python:       python
Python Version:        Python 3.11.4
Environment Type:      System Python
Backend URL:           http://localhost:8000
Health Endpoint:       http://localhost:8000/api/v1/health
----------------------------------
[2026-08-05 23:10:34] [INFO] Starting FastAPI backend...
[2026-08-05 23:10:34] [SUCCESS] Backend process started (PID: 12924).
[2026-08-05 23:10:34] [INFO] Waiting for backend health (http://localhost:8000/api/v1/health)...
[2026-08-05 23:12:34] [FAILURE] Health check timeout. Backend failed to respond at http://localhost:8000/api/v1/health.
[2026-08-05 23:12:34] [RECOVERY] Check if port 8000 is already in use or check backend logs:
C:\falcon\logs\backend.log
[2026-08-05 23:13:53] [STARTUP] Starting Falcon AI Launcher in Development mode...
[2026-08-05 23:13:53] [INFO] Searching for Backend project...
[2026-08-05 23:13:53] [SUCCESS] Found Backend project at: C:\falcon
[2026-08-05 23:13:53] [INFO] Searching for Flutter project...
[2026-08-05 23:13:53] [SUCCESS] Found exactly one Flutter project at: C:\falcon
[2026-08-05 23:13:53] [INFO] Discovering Python environment...
[2026-08-05 23:13:53] [INFO] Verifying Python dependencies...
[2026-08-05 23:13:54] [SUCCESS] Dependencies verified successfully.
[2026-08-05 23:13:54] [INFO] Verifying Flutter SDK...
[2026-08-05 23:13:55] [SUCCESS] Flutter found: Flutter 3.44.8 G求 channel stable G求 https://github.com/flutter/flutter.git
[2026-08-05 23:13:55] [STARTUP] 
--- Falcon Startup Diagnostics ---
Project Root:          C:\falcon
Detected Backend Path: C:\falcon
Detected Flutter Path: C:\falcon
Selected Python:       python
Python Version:        Python 3.11.4
Environment Type:      System Python
Backend URL:           http://localhost:8000
Health Endpoint:       http://localhost:8000/api/v1/health
----------------------------------
[2026-08-05 23:13:55] [INFO] Starting FastAPI backend...
[2026-08-05 23:13:55] [SUCCESS] Backend process started (PID: 26880).
[2026-08-05 23:13:55] [INFO] Waiting for backend health (http://localhost:8000/api/v1/health)...
[2026-08-05 23:19:08] [STARTUP] Starting Falcon AI Launcher in Development mode...
[2026-08-05 23:19:08] [INFO] Searching for Backend project...
[2026-08-05 23:19:08] [SUCCESS] Found Backend project at: C:\falcon
[2026-08-05 23:19:08] [INFO] Searching for Flutter project...
[2026-08-05 23:19:08] [SUCCESS] Found exactly one Flutter project at: C:\falcon
[2026-08-05 23:19:08] [INFO] Discovering Python environment...
[2026-08-05 23:19:08] [INFO] Verifying Python dependencies...
[2026-08-05 23:19:08] [SUCCESS] Dependencies verified successfully.
[2026-08-05 23:19:08] [INFO] Verifying Flutter SDK...
[2026-08-05 23:19:10] [SUCCESS] Flutter found: Flutter 3.44.8 G求 channel stable G求 https://github.com/flutter/flutter.git
[2026-08-05 23:19:10] [STARTUP] 
--- Falcon Startup Diagnostics ---
Project Root:          C:\falcon
Detected Backend Path: C:\falcon
Detected Flutter Path: C:\falcon
Selected Python:       python
Python Version:        Python 3.11.4
Environment Type:      System Python
Backend URL:           http://localhost:8000
Health Endpoint:       http://localhost:8000/api/v1/health
----------------------------------
[2026-08-05 23:19:10] [INFO] Starting FastAPI backend...
[2026-08-05 23:19:10] [SUCCESS] Backend process started (PID: 14428).
[2026-08-05 23:19:10] [INFO] Waiting for backend health (http://localhost:8000/api/v1/health)...
[2026-08-05 23:19:10] [INFO] Health Check Attempt 1...
[2026-08-05 23:19:12] [WARN] Health Check Failed: The operation has timed out.
[2026-08-05 23:19:14] [INFO] Health Check Attempt 2...
[2026-08-05 23:19:16] [WARN] Health Check Failed: The operation has timed out.
[2026-08-05 23:19:18] [INFO] Health Check Attempt 3...
[2026-08-05 23:19:20] [WARN] Health Check Failed: The operation has timed out.
[2026-08-05 23:19:22] [INFO] Health Check Attempt 4...
[2026-08-05 23:19:24] [WARN] Health Check Failed: The operation has timed out.
[2026-08-05 23:19:26] [INFO] Health Check Attempt 5...
[2026-08-05 23:19:28] [WARN] Health Check Failed: The operation has timed out.
[2026-08-05 23:19:30] [INFO] Health Check Attempt 6...
[2026-08-05 23:19:32] [WARN] Health Check Failed: The operation has timed out.
[2026-08-05 23:19:34] [INFO] Health Check Attempt 7...
[2026-08-05 23:19:36] [WARN] Health Check Failed: The operation has timed out.
[2026-08-05 23:19:38] [INFO] Health Check Attempt 8...
[2026-08-05 23:19:40] [WARN] Health Check Failed: The operation has timed out.
[2026-08-05 23:19:42] [INFO] Health Check Attempt 9...
[2026-08-05 23:19:44] [WARN] Health Check Failed: The operation has timed out.
[2026-08-05 23:19:46] [INFO] Health Check Attempt 10...
[2026-08-05 23:19:48] [WARN] Health Check Failed: The operation has timed out.
[2026-08-05 23:19:50] [INFO] Health Check Attempt 11...
[2026-08-05 23:19:52] [WARN] Health Check Failed: The operation has timed out.
[2026-08-05 23:19:54] [INFO] Health Check Attempt 12...
[2026-08-05 23:19:56] [WARN] Health Check Failed: The operation has timed out.
[2026-08-05 23:19:57] [FAILURE] Health check timeout. Backend failed to respond at http://localhost:8000/api/v1/health.
[2026-08-05 23:19:57] [RECOVERY] Check if port 8000 is already in use or check backend logs:
C:\falcon\logs\backend.log
[2026-08-05 23:19:58] [INFO] Health Check Attempt 13...
[2026-08-05 23:20:00] [WARN] Health Check Failed: The operation has timed out.
[2026-08-05 23:20:02] [INFO] Health Check Attempt 14...
[2026-08-05 23:20:04] [WARN] Health Check Failed: The operation has timed out.
[2026-08-05 23:20:06] [INFO] Health Check Attempt 15...
[2026-08-05 23:20:08] [WARN] Health Check Failed: The operation has timed out.
[2026-08-05 23:20:10] [INFO] Health Check Attempt 16...
[2026-08-05 23:20:12] [WARN] Health Check Failed: The operation has timed out.
[2026-08-05 23:20:14] [INFO] Health Check Attempt 17...
[2026-08-05 23:20:16] [WARN] Health Check Failed: The operation has timed out.
[2026-08-05 23:20:18] [INFO] Health Check Attempt 18...
[2026-08-05 23:20:20] [WARN] Health Check Failed: The operation has timed out.
[2026-08-05 23:20:22] [INFO] Health Check Attempt 19...
[2026-08-05 23:20:24] [WARN] Health Check Failed: The operation has timed out.
[2026-08-05 23:20:26] [INFO] Health Check Attempt 20...
[2026-08-05 23:20:28] [WARN] Health Check Failed: The operation has timed out.
[2026-08-05 23:20:30] [INFO] Health Check Attempt 21...
[2026-08-05 23:20:32] [WARN] Health Check Failed: The operation has timed out.
[2026-08-05 23:20:34] [INFO] Health Check Attempt 22...
[2026-08-05 23:20:36] [WARN] Health Check Failed: The operation has timed out.
[2026-08-05 23:20:38] [INFO] Health Check Attempt 23...
[2026-08-05 23:20:40] [WARN] Health Check Failed: The operation has timed out.
[2026-08-05 23:20:42] [INFO] Health Check Attempt 24...
[2026-08-05 23:20:44] [WARN] Health Check Failed: The operation has timed out.
[2026-08-05 23:20:46] [INFO] Health Check Attempt 25...
[2026-08-05 23:20:48] [WARN] Health Check Failed: The operation has timed out.
[2026-08-05 23:20:50] [INFO] Health Check Attempt 26...
[2026-08-05 23:20:52] [WARN] Health Check Failed: The operation has timed out.
[2026-08-05 23:20:54] [INFO] Health Check Attempt 27...
[2026-08-05 23:20:56] [WARN] Health Check Failed: The operation has timed out.
[2026-08-05 23:20:59] [INFO] Health Check Attempt 28...
[2026-08-05 23:21:01] [WARN] Health Check Failed: The operation has timed out.
[2026-08-05 23:21:03] [INFO] Health Check Attempt 29...
[2026-08-05 23:21:05] [WARN] Health Check Failed: The operation has timed out.
[2026-08-05 23:21:07] [INFO] Health Check Attempt 30...
[2026-08-05 23:21:09] [WARN] Health Check Failed: The operation has timed out.
[2026-08-05 23:21:11] [INFO] Health Check Attempt 31...
[2026-08-05 23:21:13] [WARN] Health Check Failed: The operation has timed out.
[2026-08-05 23:21:15] [INFO] Health Check Attempt 32...
[2026-08-05 23:21:17] [WARN] Health Check Failed: The operation has timed out.
[2026-08-05 23:21:19] [INFO] Health Check Attempt 33...
[2026-08-05 23:21:21] [WARN] Health Check Failed: The operation has timed out.
[2026-08-05 23:21:23] [INFO] Health Check Attempt 34...
[2026-08-05 23:21:25] [WARN] Health Check Failed: The operation has timed out.
[2026-08-05 23:21:27] [INFO] Health Check Attempt 35...
[2026-08-05 23:21:29] [WARN] Health Check Failed: The operation has timed out.
[2026-08-05 23:21:31] [INFO] Health Check Attempt 36...
[2026-08-05 23:21:33] [WARN] Health Check Failed: The operation has timed out.
[2026-08-05 23:21:35] [INFO] Health Check Attempt 37...
[2026-08-05 23:21:37] [WARN] Health Check Failed: The operation has timed out.
[2026-08-05 23:21:39] [INFO] Health Check Attempt 38...
[2026-08-05 23:21:41] [WARN] Health Check Failed: The operation has timed out.
[2026-08-05 23:21:43] [INFO] Health Check Attempt 39...
[2026-08-05 23:21:45] [WARN] Health Check Failed: The operation has timed out.
[2026-08-05 23:21:47] [INFO] Health Check Attempt 40...
[2026-08-05 23:21:49] [WARN] Health Check Failed: The operation has timed out.
[2026-08-05 23:21:51] [INFO] Health Check Attempt 41...
[2026-08-05 23:21:53] [WARN] Health Check Failed: The operation has timed out.
[2026-08-05 23:21:55] [INFO] Health Check Attempt 42...
[2026-08-05 23:21:57] [WARN] Health Check Failed: The operation has timed out.
[2026-08-05 23:21:59] [INFO] Health Check Attempt 43...
[2026-08-05 23:22:01] [WARN] Health Check Failed: The operation has timed out.
[2026-08-05 23:22:03] [INFO] Health Check Attempt 44...
[2026-08-05 23:22:05] [WARN] Health Check Failed: The operation has timed out.
[2026-08-05 23:22:07] [INFO] Health Check Attempt 45...
[2026-08-05 23:22:09] [WARN] Health Check Failed: The operation has timed out.
[2026-08-05 23:22:11] [INFO] Health Check Attempt 46...
[2026-08-05 23:22:13] [WARN] Health Check Failed: The operation has timed out.
[2026-08-05 23:22:15] [INFO] Health Check Attempt 47...
[2026-08-05 23:22:17] [WARN] Health Check Failed: The operation has timed out.
[2026-08-05 23:22:19] [INFO] Health Check Attempt 48...
[2026-08-05 23:22:21] [WARN] Health Check Failed: The operation has timed out.
[2026-08-05 23:22:23] [INFO] Health Check Attempt 49...
[2026-08-05 23:22:25] [WARN] Health Check Failed: The operation has timed out.
[2026-08-05 23:22:27] [INFO] Health Check Attempt 50...
[2026-08-05 23:22:29] [WARN] Health Check Failed: The operation has timed out.
[2026-08-05 23:22:31] [INFO] Health Check Attempt 51...
[2026-08-05 23:22:33] [WARN] Health Check Failed: The operation has timed out.
[2026-08-05 23:22:35] [INFO] Health Check Attempt 52...
[2026-08-05 23:22:37] [WARN] Health Check Failed: The operation has timed out.
[2026-08-05 23:22:39] [INFO] Health Check Attempt 53...
[2026-08-05 23:22:41] [WARN] Health Check Failed: The operation has timed out.
[2026-08-05 23:22:43] [INFO] Health Check Attempt 54...
[2026-08-05 23:22:45] [WARN] Health Check Failed: The operation has timed out.
[2026-08-05 23:22:47] [INFO] Health Check Attempt 55...
[2026-08-05 23:22:49] [WARN] Health Check Failed: The operation has timed out.
[2026-08-05 23:22:51] [INFO] Health Check Attempt 56...
[2026-08-05 23:22:53] [WARN] Health Check Failed: The operation has timed out.
[2026-08-05 23:22:55] [INFO] Health Check Attempt 57...
[2026-08-05 23:22:57] [WARN] Health Check Failed: The operation has timed out.
[2026-08-05 23:22:59] [INFO] Health Check Attempt 58...
[2026-08-05 23:23:01] [WARN] Health Check Failed: The operation has timed out.
[2026-08-05 23:23:03] [INFO] Health Check Attempt 59...
[2026-08-05 23:23:05] [WARN] Health Check Failed: The operation has timed out.
[2026-08-05 23:23:07] [INFO] Health Check Attempt 60...
[2026-08-05 23:23:09] [WARN] Health Check Failed: The operation has timed out.
[2026-08-05 23:23:11] [INFO] Health Check Attempt 61...
[2026-08-05 23:23:13] [WARN] Health Check Failed: The operation has timed out.
[2026-08-05 23:23:25] [STARTUP] Starting Falcon AI Launcher in Development mode...
[2026-08-05 23:23:25] [INFO] Searching for Backend project...
[2026-08-05 23:23:25] [SUCCESS] Found Backend project at: C:\falcon
[2026-08-05 23:23:25] [INFO] Searching for Flutter project...
[2026-08-05 23:23:25] [SUCCESS] Found exactly one Flutter project at: C:\falcon
[2026-08-05 23:23:25] [INFO] Discovering Python environment...
[2026-08-05 23:23:25] [INFO] Verifying Python dependencies...
[2026-08-05 23:23:26] [SUCCESS] Dependencies verified successfully.
[2026-08-05 23:23:26] [INFO] Verifying Flutter SDK...
[2026-08-05 23:23:27] [SUCCESS] Flutter found: Flutter 3.44.8 G求 channel stable G求 https://github.com/flutter/flutter.git
[2026-08-05 23:23:27] [STARTUP] 
--- Falcon Startup Diagnostics ---
Project Root:          C:\falcon
Detected Backend Path: C:\falcon
Detected Flutter Path: C:\falcon
Selected Python:       python
Python Version:        Python 3.11.4
Environment Type:      System Python
Backend URL:           http://127.0.0.1:8000
Health Endpoint:       http://127.0.0.1:8000/api/v1/health
----------------------------------
[2026-08-05 23:23:27] [INFO] Starting FastAPI backend...
[2026-08-05 23:23:27] [SUCCESS] Backend process started (PID: 18588).
[2026-08-05 23:23:27] [INFO] Waiting for backend health (http://127.0.0.1:8000/api/v1/health)...
[2026-08-05 23:23:27] [INFO] Health Check Attempt 1...
[2026-08-05 23:23:29] [SUCCESS] Health Check Successful. Backend Ready.
[2026-08-05 23:23:29] [INFO] Launching Flutter Windows application...
[2026-08-05 23:23:29] [SUCCESS] Flutter application launched (PID: 5840).
[2026-08-05 23:23:29] [INFO] Entering process supervisor mode...
[2026-08-05 23:24:38] [STARTUP] Starting Falcon AI Launcher in Development mode...
[2026-08-05 23:24:38] [INFO] Searching for Backend project...
[2026-08-05 23:24:38] [SUCCESS] Found Backend project at: C:\falcon
[2026-08-05 23:24:38] [INFO] Searching for Flutter project...
[2026-08-05 23:24:38] [SUCCESS] Found exactly one Flutter project at: C:\falcon
[2026-08-05 23:24:38] [INFO] Discovering Python environment...
[2026-08-05 23:24:38] [INFO] Verifying Python dependencies...
[2026-08-05 23:24:38] [SUCCESS] Dependencies verified successfully.
[2026-08-05 23:24:39] [INFO] Verifying Flutter SDK...
[2026-08-05 23:24:40] [SUCCESS] Flutter found: Flutter 3.44.8 G求 channel stable G求 https://github.com/flutter/flutter.git
[2026-08-05 23:24:40] [STARTUP] 
--- Falcon Startup Diagnostics ---
Project Root:          C:\falcon
Detected Backend Path: C:\falcon
Detected Flutter Path: C:\falcon
Selected Python:       python
Python Version:        Python 3.11.4
Environment Type:      System Python
Backend URL:           http://127.0.0.1:8000
Health Endpoint:       http://127.0.0.1:8000/api/v1/health
----------------------------------
[2026-08-05 23:24:40] [INFO] Starting FastAPI backend...
[2026-08-05 23:24:40] [SUCCESS] Backend process started (PID: 17084).
[2026-08-05 23:24:40] [INFO] Waiting for backend health (http://127.0.0.1:8000/api/v1/health)...
[2026-08-05 23:24:40] [INFO] Health Check Attempt 1...
[2026-08-05 23:24:42] [SUCCESS] Health Check Successful. Backend Ready.
[2026-08-05 23:24:42] [INFO] Launching Flutter Windows application...
[2026-08-05 23:24:42] [SUCCESS] Flutter application launched (PID: 28404).
[2026-08-05 23:24:42] [INFO] Entering process supervisor mode...
[2026-08-05 23:24:54] [INFO] Flutter application closed.
[2026-08-05 23:24:54] [FAILURE] Flutter application crashed.

Last Flutter Logs:
At line:1 char:33
+ Set-Location -Path 'C:\falcon'; flutter run -d windows 2>&1 | Tee-Obj ...
+                                 ~~~~~~~~~~~~~~~~~~~~~~~~~~~
    + CategoryInfo          : NotSpecified: (Error: Building...ymlink support.:String) [], RemoteException
    + FullyQualifiedErrorId : NativeCommandError
 

Please enable Developer Mode in your system settings. Run
  start ms-settings:developers
to open settings.
[2026-08-05 23:24:54] [RECOVERY] Check flutter logs for details:
C:\falcon\logs\flutter.log
[2026-08-05 23:26:24] [STARTUP] Starting Falcon AI Launcher in Development mode...
[2026-08-05 23:26:24] [INFO] Searching for Backend project...
[2026-08-05 23:26:24] [SUCCESS] Found Backend project at: C:\falcon
[2026-08-05 23:26:24] [INFO] Searching for Flutter project...
[2026-08-05 23:26:24] [SUCCESS] Found exactly one Flutter project at: C:\falcon
[2026-08-05 23:26:24] [INFO] Discovering Python environment...
[2026-08-05 23:26:24] [INFO] Verifying Python dependencies...
[2026-08-05 23:26:25] [SUCCESS] Dependencies verified successfully.
[2026-08-05 23:26:25] [INFO] Verifying Flutter SDK...
[2026-08-05 23:26:27] [SUCCESS] Flutter found: Flutter 3.44.8 G求 channel stable G求 https://github.com/flutter/flutter.git
[2026-08-05 23:26:27] [STARTUP] 
--- Falcon Startup Diagnostics ---
Project Root:          C:\falcon
Detected Backend Path: C:\falcon
Detected Flutter Path: C:\falcon
Selected Python:       python
Python Version:        Python 3.11.4
Environment Type:      System Python
Backend URL:           http://127.0.0.1:8000
Health Endpoint:       http://127.0.0.1:8000/api/v1/health
----------------------------------
[2026-08-05 23:26:27] [INFO] Starting FastAPI backend...
[2026-08-05 23:26:27] [SUCCESS] Backend process started (PID: 3672).
[2026-08-05 23:26:27] [INFO] Waiting for backend health (http://127.0.0.1:8000/api/v1/health)...
[2026-08-05 23:26:27] [INFO] Health Check Attempt 1...
[2026-08-05 23:26:29] [WARN] Health Check Failed: The operation has timed out.
[2026-08-05 23:26:31] [INFO] Health Check Attempt 2...
[2026-08-05 23:26:31] [SUCCESS] Health Check Successful. Backend Ready.
[2026-08-05 23:26:31] [INFO] Launching Flutter Windows application...
[2026-08-05 23:26:31] [SUCCESS] Flutter application launched (PID: 26424).
[2026-08-05 23:26:31] [INFO] Entering process supervisor mode...
[2026-08-05 23:26:43] [INFO] Flutter application closed.
[2026-08-05 23:26:43] [FAILURE] Flutter application crashed.

Last Flutter Logs:
At line:1 char:33
+ Set-Location -Path 'C:\falcon'; flutter run -d windows 2>&1 | Tee-Obj ...
+                                 ~~~~~~~~~~~~~~~~~~~~~~~~~~~
    + CategoryInfo          : NotSpecified: (Error: Building...ymlink support.:String) [], RemoteException
    + FullyQualifiedErrorId : NativeCommandError
 

Please enable Developer Mode in your system settings. Run
  start ms-settings:developers
to open settings.
[2026-08-05 23:26:43] [RECOVERY] Check flutter logs for details:
C:\falcon\logs\flutter.log
[2026-08-05 23:39:05] [STARTUP] Starting Falcon AI Launcher in Development mode...
[2026-08-05 23:39:05] [INFO] Searching for Backend project...
[2026-08-05 23:39:05] [SUCCESS] Found Backend project at: C:\falcon
[2026-08-05 23:39:05] [INFO] Searching for Flutter project...
[2026-08-05 23:39:05] [SUCCESS] Found exactly one Flutter project at: C:\falcon
[2026-08-05 23:39:05] [INFO] Discovering Python environment...
[2026-08-05 23:39:05] [INFO] Verifying Python dependencies...
[2026-08-05 23:39:06] [SUCCESS] Dependencies verified successfully.
[2026-08-05 23:39:06] [INFO] Verifying Flutter SDK...
[2026-08-05 23:39:08] [SUCCESS] Flutter found: Flutter 3.44.8 G求 channel stable G求 https://github.com/flutter/flutter.git
[2026-08-05 23:39:08] [STARTUP] 
--- Falcon Startup Diagnostics ---
Project Root:          C:\falcon
Detected Backend Path: C:\falcon
Detected Flutter Path: C:\falcon
Selected Python:       python
Python Version:        Python 3.11.4
Environment Type:      System Python
Backend URL:           http://127.0.0.1:8000
Health Endpoint:       http://127.0.0.1:8000/api/v1/health
----------------------------------
[2026-08-05 23:39:08] [INFO] Starting FastAPI backend...
[2026-08-05 23:39:08] [SUCCESS] Backend process started (PID: 19876).
[2026-08-05 23:39:08] [INFO] Waiting for backend health (http://127.0.0.1:8000/api/v1/health)...
[2026-08-05 23:39:08] [INFO] Health Check Attempt 1...
[2026-08-05 23:39:10] [SUCCESS] Health Check Successful. Backend Ready.
[2026-08-05 23:39:10] [INFO] Launching Flutter Windows application...
[2026-08-05 23:39:10] [SUCCESS] Flutter application launched (PID: 8064).
[2026-08-05 23:39:10] [INFO] Entering process supervisor mode...
[2026-08-05 23:39:22] [INFO] Flutter application closed.
[2026-08-05 23:39:22] [FAILURE] Flutter application crashed.

Last Flutter Logs:
8 packages have newer versions incompatible with dependency constraints.
Try `flutter pub outdated` for more information.
Launching lib\main.dart on Windows in debug mode...
flutter : Error: Unable to find suitable Visual Studio toolchain. Please run `flutter doctor` for more details.
At line:1 char:33
+ Set-Location -Path 'C:\falcon'; flutter run -d windows 2>&1 | Tee-Obj ...
+                                 ~~~~~~~~~~~~~~~~~~~~~~~~~~~
    + CategoryInfo          : NotSpecified: (Error: Unable t...r more details.:String) [], RemoteException
    + FullyQualifiedErrorId : NativeCommandError
 
[2026-08-05 23:39:22] [RECOVERY] Check flutter logs for details:
C:\falcon\logs\flutter.log
[2026-08-05 23:51:43] [STARTUP] Starting Falcon AI Launcher in Development mode...
[2026-08-05 23:51:43] [INFO] Searching for Backend project...
[2026-08-05 23:51:43] [SUCCESS] Found Backend project at: C:\falcon
[2026-08-05 23:51:43] [INFO] Searching for Flutter project...
[2026-08-05 23:51:43] [SUCCESS] Found exactly one Flutter project at: C:\falcon
[2026-08-05 23:51:43] [INFO] Discovering Python environment...
[2026-08-05 23:51:43] [INFO] Verifying Python dependencies...
[2026-08-05 23:51:45] [SUCCESS] Dependencies verified successfully.
[2026-08-05 23:51:45] [INFO] Verifying Flutter SDK...
[2026-08-05 23:51:46] [SUCCESS] Flutter found: Flutter 3.44.8 G求 channel stable G求 https://github.com/flutter/flutter.git
[2026-08-05 23:51:46] [STARTUP] 
--- Falcon Startup Diagnostics ---
Project Root:          C:\falcon
Detected Backend Path: C:\falcon
Detected Flutter Path: C:\falcon
Selected Python:       python
Python Version:        Python 3.11.4
Environment Type:      System Python
Backend URL:           http://127.0.0.1:8000
Health Endpoint:       http://127.0.0.1:8000/api/v1/health
----------------------------------
[2026-08-05 23:51:46] [INFO] Starting FastAPI backend...
[2026-08-05 23:51:46] [SUCCESS] Backend process started (PID: 15004).
[2026-08-05 23:51:46] [INFO] Waiting for backend health (http://127.0.0.1:8000/api/v1/health)...
[2026-08-05 23:51:46] [INFO] Health Check Attempt 1...
[2026-08-05 23:51:48] [WARN] Health Check Failed: The operation has timed out.
[2026-08-05 23:51:50] [INFO] Health Check Attempt 2...
[2026-08-05 23:51:50] [SUCCESS] Health Check Successful. Backend Ready.
[2026-08-05 23:51:50] [INFO] Launching Flutter Windows application...
[2026-08-05 23:51:51] [SUCCESS] Flutter application launched (PID: 12112).
[2026-08-05 23:51:51] [INFO] Entering process supervisor mode...
[2026-08-05 23:52:03] [INFO] Flutter application closed.
[2026-08-05 23:52:03] [FAILURE] Flutter application crashed.

Last Flutter Logs:
8 packages have newer versions incompatible with dependency constraints.
Try `flutter pub outdated` for more information.
Launching lib\main.dart on Windows in debug mode...
flutter : Error: Unable to find suitable Visual Studio toolchain. Please run `flutter doctor` for more details.
At line:1 char:33
+ Set-Location -Path 'C:\falcon'; flutter run -d windows 2>&1 | Tee-Obj ...
+                                 ~~~~~~~~~~~~~~~~~~~~~~~~~~~
    + CategoryInfo          : NotSpecified: (Error: Unable t...r more details.:String) [], RemoteException
    + FullyQualifiedErrorId : NativeCommandError
 
[2026-08-05 23:52:03] [RECOVERY] Check flutter logs for details:
C:\falcon\logs\flutter.log
[2026-08-06 21:01:41] [STARTUP] Starting Falcon AI Launcher in Development mode...
[2026-08-06 21:01:41] [INFO] Searching for Backend project...
[2026-08-06 21:01:41] [SUCCESS] Found Backend project at: C:\falcon
[2026-08-06 21:01:41] [INFO] Searching for Flutter project...
[2026-08-06 21:01:41] [SUCCESS] Found exactly one Flutter project at: C:\falcon
[2026-08-06 21:01:41] [INFO] Discovering Python environment...
[2026-08-06 21:01:41] [INFO] Verifying Python dependencies...
[2026-08-06 21:01:44] [SUCCESS] Dependencies verified successfully.
[2026-08-06 21:01:44] [INFO] Verifying Flutter SDK...
[2026-08-06 21:01:47] [SUCCESS] Flutter found: Flutter 3.44.8 G求 channel stable G求 https://github.com/flutter/flutter.git
[2026-08-06 21:01:47] [STARTUP] 
--- Falcon Startup Diagnostics ---
Project Root:          C:\falcon
Detected Backend Path: C:\falcon
Detected Flutter Path: C:\falcon
Selected Python:       python
Python Version:        Python 3.11.4
Environment Type:      System Python
Backend URL:           http://127.0.0.1:8000
Health Endpoint:       http://127.0.0.1:8000/api/v1/health
----------------------------------
[2026-08-06 21:01:47] [INFO] Starting FastAPI backend...
[2026-08-06 21:01:47] [SUCCESS] Backend process started (PID: 25988).
[2026-08-06 21:01:47] [INFO] Waiting for backend health (http://127.0.0.1:8000/api/v1/health)...
[2026-08-06 21:01:47] [INFO] Health Check Attempt 1...
[2026-08-06 21:01:49] [WARN] Health Check Failed: The operation has timed out.
[2026-08-06 21:01:51] [INFO] Health Check Attempt 2...
[2026-08-06 21:01:52] [SUCCESS] Health Check Successful. Backend Ready.
[2026-08-06 21:01:52] [INFO] Launching Flutter Windows application...
[2026-08-06 21:01:52] [SUCCESS] Flutter application launched (PID: 21692).
[2026-08-06 21:01:52] [INFO] Entering process supervisor mode...
[2026-08-06 21:02:12] [INFO] Flutter application closed.
[2026-08-06 21:02:12] [FAILURE] Flutter application crashed.

Last Flutter Logs:
8 packages have newer versions incompatible with dependency constraints.
Try `flutter pub outdated` for more information.
Launching lib\main.dart on Windows in debug mode...
flutter : Error: Unable to find suitable Visual Studio toolchain. Please run `flutter doctor` for more details.
At line:1 char:33
+ Set-Location -Path 'C:\falcon'; flutter run -d windows 2>&1 | Tee-Obj ...
+                                 ~~~~~~~~~~~~~~~~~~~~~~~~~~~
    + CategoryInfo          : NotSpecified: (Error: Unable t...r more details.:String) [], RemoteException
    + FullyQualifiedErrorId : NativeCommandError
 
[2026-08-06 21:02:12] [RECOVERY] Check flutter logs for details:
C:\falcon\logs\flutter.log
[2026-08-06 22:14:21] [STARTUP] Starting Falcon AI Launcher in Development mode...
[2026-08-06 22:14:21] [INFO] Searching for Backend project...
[2026-08-06 22:14:21] [SUCCESS] Found Backend project at: C:\falcon
[2026-08-06 22:14:21] [INFO] Searching for Flutter project...
[2026-08-06 22:14:21] [SUCCESS] Found exactly one Flutter project at: C:\falcon
[2026-08-06 22:14:21] [INFO] Discovering Python environment...
[2026-08-06 22:14:21] [INFO] Verifying Python dependencies...
[2026-08-06 22:14:22] [SUCCESS] Dependencies verified successfully.
[2026-08-06 22:14:22] [INFO] Verifying Flutter SDK...
[2026-08-06 22:14:24] [SUCCESS] Flutter found: Flutter 3.44.8 G求 channel stable G求 https://github.com/flutter/flutter.git
[2026-08-06 22:14:24] [STARTUP] 
--- Falcon Startup Diagnostics ---
Project Root:          C:\falcon
Detected Backend Path: C:\falcon
Detected Flutter Path: C:\falcon
Selected Python:       python
Python Version:        Python 3.11.4
Environment Type:      System Python
Backend URL:           http://127.0.0.1:8000
Health Endpoint:       http://127.0.0.1:8000/api/v1/health
----------------------------------
[2026-08-06 22:14:24] [INFO] Starting FastAPI backend...
[2026-08-06 22:14:24] [SUCCESS] Backend process started (PID: 8976).
[2026-08-06 22:14:24] [INFO] Waiting for backend health (http://127.0.0.1:8000/api/v1/health)...
[2026-08-06 22:14:24] [INFO] Health Check Attempt 1...
[2026-08-06 22:14:26] [WARN] Health Check Failed: The operation has timed out.
[2026-08-06 22:14:28] [INFO] Health Check Attempt 2...
[2026-08-06 22:14:28] [SUCCESS] Health Check Successful. Backend Ready.
[2026-08-06 22:14:28] [INFO] Launching Flutter Windows application...
[2026-08-06 22:14:28] [SUCCESS] Flutter application launched (PID: 25404).
[2026-08-06 22:14:28] [INFO] Entering process supervisor mode...
[2026-08-06 22:34:41] [INFO] Flutter application closed.
[2026-08-06 22:34:41] [INFO] Stopping backend process...
[2026-08-06 22:34:41] [SUCCESS] Falcon Launcher exiting cleanly.
[2026-08-06 22:34:49] [STARTUP] Starting Falcon AI Launcher in Development mode...
[2026-08-06 22:34:49] [INFO] Searching for Backend project...
[2026-08-06 22:34:49] [SUCCESS] Found Backend project at: C:\falcon
[2026-08-06 22:34:49] [INFO] Searching for Flutter project...
[2026-08-06 22:34:49] [SUCCESS] Found exactly one Flutter project at: C:\falcon
[2026-08-06 22:34:49] [INFO] Discovering Python environment...
[2026-08-06 22:34:49] [INFO] Verifying Python dependencies...
[2026-08-06 22:34:50] [SUCCESS] Dependencies verified successfully.
[2026-08-06 22:34:50] [INFO] Verifying Flutter SDK...
[2026-08-06 22:34:52] [SUCCESS] Flutter found: Flutter 3.44.8 G求 channel stable G求 https://github.com/flutter/flutter.git
[2026-08-06 22:34:52] [STARTUP] 
--- Falcon Startup Diagnostics ---
Project Root:          C:\falcon
Detected Backend Path: C:\falcon
Detected Flutter Path: C:\falcon
Selected Python:       python
Python Version:        Python 3.11.4
Environment Type:      System Python
Backend URL:           http://127.0.0.1:8000
Health Endpoint:       http://127.0.0.1:8000/api/v1/health
----------------------------------
[2026-08-06 22:34:52] [INFO] Starting FastAPI backend...
[2026-08-06 22:34:52] [SUCCESS] Backend process started (PID: 27316).
[2026-08-06 22:34:52] [INFO] Waiting for backend health (http://127.0.0.1:8000/api/v1/health)...
[2026-08-06 22:34:52] [INFO] Health Check Attempt 1...
[2026-08-06 22:34:54] [WARN] Health Check Failed: The operation has timed out.
[2026-08-06 22:34:56] [INFO] Health Check Attempt 2...
[2026-08-06 22:34:56] [SUCCESS] Health Check Successful. Backend Ready.
[2026-08-06 22:34:56] [INFO] Launching Flutter Windows application...
[2026-08-06 22:34:56] [SUCCESS] Flutter application launched (PID: 23372).
[2026-08-06 22:34:56] [INFO] Entering process supervisor mode...
[2026-08-06 22:51:13] [INFO] Flutter application closed.
[2026-08-06 22:51:13] [INFO] Stopping backend process...
[2026-08-06 22:51:13] [SUCCESS] Falcon Launcher exiting cleanly.
[2026-08-06 22:51:22] [STARTUP] Starting Falcon AI Launcher in Development mode...
[2026-08-06 22:51:22] [INFO] Searching for Backend project...
[2026-08-06 22:51:23] [SUCCESS] Found Backend project at: C:\falcon
[2026-08-06 22:51:23] [INFO] Searching for Flutter project...
[2026-08-06 22:51:23] [SUCCESS] Found exactly one Flutter project at: C:\falcon
[2026-08-06 22:51:23] [INFO] Discovering Python environment...
[2026-08-06 22:51:23] [INFO] Verifying Python dependencies...
[2026-08-06 22:51:24] [SUCCESS] Dependencies verified successfully.
[2026-08-06 22:51:24] [INFO] Verifying Flutter SDK...
[2026-08-06 22:51:25] [SUCCESS] Flutter found: Flutter 3.44.8 G求 channel stable G求 https://github.com/flutter/flutter.git
[2026-08-06 22:51:25] [STARTUP] 
--- Falcon Startup Diagnostics ---
Project Root:          C:\falcon
Detected Backend Path: C:\falcon
Detected Flutter Path: C:\falcon
Selected Python:       python
Python Version:        Python 3.11.4
Environment Type:      System Python
Backend URL:           http://127.0.0.1:8000
Health Endpoint:       http://127.0.0.1:8000/api/v1/health
----------------------------------
[2026-08-06 22:51:25] [INFO] Starting FastAPI backend...
[2026-08-06 22:51:25] [SUCCESS] Backend process started (PID: 14008).
[2026-08-06 22:51:25] [INFO] Waiting for backend health (http://127.0.0.1:8000/api/v1/health)...
[2026-08-06 22:51:25] [INFO] Health Check Attempt 1...
[2026-08-06 22:51:27] [WARN] Health Check Failed: The operation has timed out.
[2026-08-06 22:51:29] [INFO] Health Check Attempt 2...
[2026-08-06 22:51:30] [SUCCESS] Health Check Successful. Backend Ready.
[2026-08-06 22:51:30] [INFO] Launching Flutter Windows application...
[2026-08-06 22:51:30] [SUCCESS] Flutter application launched (PID: 12240).
[2026-08-06 22:51:30] [INFO] Entering process supervisor mode...
[2026-08-06 23:02:26] [INFO] Flutter application closed.
[2026-08-06 23:02:26] [INFO] Stopping backend process...
[2026-08-06 23:02:26] [SUCCESS] Falcon Launcher exiting cleanly.
[2026-08-06 23:02:33] [STARTUP] Starting Falcon AI Launcher in Development mode...
[2026-08-06 23:02:33] [INFO] Searching for Backend project...
[2026-08-06 23:02:33] [SUCCESS] Found Backend project at: C:\falcon
[2026-08-06 23:02:33] [INFO] Searching for Flutter project...
[2026-08-06 23:02:33] [SUCCESS] Found exactly one Flutter project at: C:\falcon
[2026-08-06 23:02:33] [INFO] Discovering Python environment...
[2026-08-06 23:02:33] [INFO] Verifying Python dependencies...
[2026-08-06 23:02:34] [SUCCESS] Dependencies verified successfully.
[2026-08-06 23:02:34] [INFO] Verifying Flutter SDK...
[2026-08-06 23:02:35] [SUCCESS] Flutter found: Flutter 3.44.8 G求 channel stable G求 https://github.com/flutter/flutter.git
[2026-08-06 23:02:35] [STARTUP] 
--- Falcon Startup Diagnostics ---
Project Root:          C:\falcon
Detected Backend Path: C:\falcon
Detected Flutter Path: C:\falcon
Selected Python:       python
Python Version:        Python 3.11.4
Environment Type:      System Python
Backend URL:           http://127.0.0.1:8000
Health Endpoint:       http://127.0.0.1:8000/api/v1/health
----------------------------------
[2026-08-06 23:02:35] [INFO] Starting FastAPI backend...
[2026-08-06 23:02:35] [SUCCESS] Backend process started (PID: 15104).
[2026-08-06 23:02:35] [INFO] Waiting for backend health (http://127.0.0.1:8000/api/v1/health)...
[2026-08-06 23:02:35] [INFO] Health Check Attempt 1...
[2026-08-06 23:02:35] [SUCCESS] Health Check Successful. Backend Ready.
[2026-08-06 23:02:35] [INFO] Launching Flutter Windows application...
[2026-08-06 23:02:35] [SUCCESS] Flutter application launched (PID: 20872).
[2026-08-06 23:02:35] [INFO] Entering process supervisor mode...
[2026-08-06 23:12:50] [INFO] Flutter application closed.
[2026-08-06 23:12:50] [INFO] Stopping backend process...
[2026-08-06 23:12:50] [SUCCESS] Falcon Launcher exiting cleanly.
[2026-08-06 23:12:56] [STARTUP] Starting Falcon AI Launcher in Development mode...
[2026-08-06 23:12:56] [INFO] Searching for Backend project...
[2026-08-06 23:12:56] [SUCCESS] Found Backend project at: C:\falcon
[2026-08-06 23:12:56] [INFO] Searching for Flutter project...
[2026-08-06 23:12:56] [SUCCESS] Found exactly one Flutter project at: C:\falcon
[2026-08-06 23:12:56] [INFO] Discovering Python environment...
[2026-08-06 23:12:56] [INFO] Verifying Python dependencies...
[2026-08-06 23:12:57] [SUCCESS] Dependencies verified successfully.
[2026-08-06 23:12:57] [INFO] Verifying Flutter SDK...
[2026-08-06 23:12:59] [SUCCESS] Flutter found: Flutter 3.44.8 G求 channel stable G求 https://github.com/flutter/flutter.git
[2026-08-06 23:12:59] [STARTUP] 
--- Falcon Startup Diagnostics ---
Project Root:          C:\falcon
Detected Backend Path: C:\falcon
Detected Flutter Path: C:\falcon
Selected Python:       python
Python Version:        Python 3.11.4
Environment Type:      System Python
Backend URL:           http://127.0.0.1:8000
Health Endpoint:       http://127.0.0.1:8000/api/v1/health
----------------------------------
[2026-08-06 23:12:59] [INFO] Starting FastAPI backend...
[2026-08-06 23:12:59] [SUCCESS] Backend process started (PID: 29568).
[2026-08-06 23:12:59] [INFO] Waiting for backend health (http://127.0.0.1:8000/api/v1/health)...
[2026-08-06 23:12:59] [INFO] Health Check Attempt 1...
[2026-08-06 23:12:59] [SUCCESS] Health Check Successful. Backend Ready.
[2026-08-06 23:12:59] [INFO] Launching Flutter Windows application...
[2026-08-06 23:12:59] [SUCCESS] Flutter application launched (PID: 29336).
[2026-08-06 23:12:59] [INFO] Entering process supervisor mode...
[2026-08-06 23:13:11] [INFO] Flutter application closed.
[2026-08-06 23:13:11] [FAILURE] Flutter application crashed.

Last Flutter Logs:
    + CategoryInfo          : NotSpecified: (lib/ui/core_ren...semble.vcxproj]:String) [], RemoteException
    + FullyQualifiedErrorId : NativeCommandError
 
C:\Program Files (x86)\Microsoft Visual 
Studio\2022\BuildTools\MSBuild\Microsoft\VC\v170\Microsoft.CppCommon.targets(254,5): error MSB8066: Custom build for 'C
:\falcon\build\windows\x64\CMakeFiles\5ba11ed7be0339f80a165953ea7fedd7\flutter_windows.dll.rule;C:\falcon\build\windows
\x64\CMakeFiles\40af3f0e4f072655aa1ec0c8ca93a675\flutter_assemble.rule' exited with code 1. 
[C:\falcon\build\windows\x64\flutter\flutter_assemble.vcxproj]
Building Windows application...                                     8.2s
Error: Build process failed.
[2026-08-06 23:13:11] [RECOVERY] Check flutter logs for details:
C:\falcon\logs\flutter.log
[2026-08-06 23:13:34] [STARTUP] Starting Falcon AI Launcher in Development mode...
[2026-08-06 23:13:34] [INFO] Searching for Backend project...
[2026-08-06 23:13:34] [SUCCESS] Found Backend project at: C:\falcon
[2026-08-06 23:13:34] [INFO] Searching for Flutter project...
[2026-08-06 23:13:34] [SUCCESS] Found exactly one Flutter project at: C:\falcon
[2026-08-06 23:13:34] [INFO] Discovering Python environment...
[2026-08-06 23:13:34] [INFO] Verifying Python dependencies...
[2026-08-06 23:13:35] [SUCCESS] Dependencies verified successfully.
[2026-08-06 23:13:35] [INFO] Verifying Flutter SDK...
[2026-08-06 23:13:36] [SUCCESS] Flutter found: Flutter 3.44.8 G求 channel stable G求 https://github.com/flutter/flutter.git
[2026-08-06 23:13:36] [STARTUP] 
--- Falcon Startup Diagnostics ---
Project Root:          C:\falcon
Detected Backend Path: C:\falcon
Detected Flutter Path: C:\falcon
Selected Python:       python
Python Version:        Python 3.11.4
Environment Type:      System Python
Backend URL:           http://127.0.0.1:8000
Health Endpoint:       http://127.0.0.1:8000/api/v1/health
----------------------------------
[2026-08-06 23:13:36] [INFO] Starting FastAPI backend...
[2026-08-06 23:13:36] [SUCCESS] Backend process started (PID: 16240).
[2026-08-06 23:13:36] [INFO] Waiting for backend health (http://127.0.0.1:8000/api/v1/health)...
[2026-08-06 23:13:36] [INFO] Health Check Attempt 1...
[2026-08-06 23:13:36] [SUCCESS] Health Check Successful. Backend Ready.
[2026-08-06 23:13:36] [INFO] Launching Flutter Windows application...
[2026-08-06 23:13:36] [SUCCESS] Flutter application launched (PID: 29440).
[2026-08-06 23:13:36] [INFO] Entering process supervisor mode...
[2026-08-06 23:13:38] [FAILURE] Backend process unexpectedly exited!
[2026-08-06 23:13:38] [WARN] Initiating auto-recovery attempt 1 of 3...
[2026-08-06 23:13:41] [INFO] Starting FastAPI backend...
[2026-08-06 23:13:41] [SUCCESS] Backend process started (PID: 17220).
[2026-08-06 23:13:41] [INFO] Waiting for backend health (http://127.0.0.1:8000/api/v1/health)...
[2026-08-06 23:13:41] [INFO] Health Check Attempt 1...
[2026-08-06 23:13:41] [SUCCESS] Health Check Successful. Backend Ready.
[2026-08-06 23:13:45] [FAILURE] Backend process unexpectedly exited!
[2026-08-06 23:13:45] [WARN] Initiating auto-recovery attempt 1 of 3...
[2026-08-06 23:13:48] [INFO] Starting FastAPI backend...
[2026-08-06 23:13:48] [SUCCESS] Backend process started (PID: 29508).
[2026-08-06 23:13:48] [INFO] Waiting for backend health (http://127.0.0.1:8000/api/v1/health)...
[2026-08-06 23:13:48] [INFO] Health Check Attempt 1...
[2026-08-06 23:13:48] [SUCCESS] Health Check Successful. Backend Ready.
[2026-08-06 23:13:50] [FAILURE] Backend process unexpectedly exited!
[2026-08-06 23:13:50] [WARN] Initiating auto-recovery attempt 1 of 3...
[2026-08-06 23:13:53] [INFO] Starting FastAPI backend...
[2026-08-06 23:13:53] [SUCCESS] Backend process started (PID: 24272).
[2026-08-06 23:13:53] [INFO] Waiting for backend health (http://127.0.0.1:8000/api/v1/health)...
[2026-08-06 23:13:53] [INFO] Health Check Attempt 1...
[2026-08-06 23:13:53] [SUCCESS] Health Check Successful. Backend Ready.
[2026-08-06 23:13:55] [INFO] Flutter application closed.
[2026-08-06 23:13:56] [FAILURE] Flutter application crashed.

Last Flutter Logs:
    + CategoryInfo          : NotSpecified: (lib/ui/core_ren...semble.vcxproj]:String) [], RemoteException
    + FullyQualifiedErrorId : NativeCommandError
 
C:\Program Files (x86)\Microsoft Visual 
Studio\2022\BuildTools\MSBuild\Microsoft\VC\v170\Microsoft.CppCommon.targets(254,5): error MSB8066: Custom build for 'C
:\falcon\build\windows\x64\CMakeFiles\5ba11ed7be0339f80a165953ea7fedd7\flutter_windows.dll.rule;C:\falcon\build\windows
\x64\CMakeFiles\40af3f0e4f072655aa1ec0c8ca93a675\flutter_assemble.rule' exited with code 1. 
[C:\falcon\build\windows\x64\flutter\flutter_assemble.vcxproj]
Building Windows application...                                    11.8s
Error: Build process failed.
[2026-08-06 23:13:56] [RECOVERY] Check flutter logs for details:
C:\falcon\logs\flutter.log
[2026-08-06 23:20:30] [STARTUP] Starting Falcon AI Launcher in Development mode...
[2026-08-06 23:20:30] [INFO] Searching for Backend project...
[2026-08-06 23:20:30] [SUCCESS] Found Backend project at: C:\falcon
[2026-08-06 23:20:30] [INFO] Searching for Flutter project...
[2026-08-06 23:20:30] [SUCCESS] Found exactly one Flutter project at: C:\falcon
[2026-08-06 23:20:30] [INFO] Discovering Python environment...
[2026-08-06 23:20:30] [INFO] Verifying Python dependencies...
[2026-08-06 23:20:32] [SUCCESS] Dependencies verified successfully.
[2026-08-06 23:20:32] [INFO] Verifying Flutter SDK...
[2026-08-06 23:20:34] [SUCCESS] Flutter found: Flutter 3.44.8 G求 channel stable G求 https://github.com/flutter/flutter.git
[2026-08-06 23:20:34] [STARTUP] 
--- Falcon Startup Diagnostics ---
Project Root:          C:\falcon
Detected Backend Path: C:\falcon
Detected Flutter Path: C:\falcon
Selected Python:       python
Python Version:        Python 3.11.4
Environment Type:      System Python
Backend URL:           http://127.0.0.1:8000
Health Endpoint:       http://127.0.0.1:8000/api/v1/health
----------------------------------
[2026-08-06 23:20:34] [INFO] Starting FastAPI backend...
[2026-08-06 23:20:34] [SUCCESS] Backend process started (PID: 28008).
[2026-08-06 23:20:34] [INFO] Waiting for backend health (http://127.0.0.1:8000/api/v1/health)...
[2026-08-06 23:20:34] [INFO] Health Check Attempt 1...
[2026-08-06 23:20:34] [SUCCESS] Health Check Successful. Backend Ready.
[2026-08-06 23:20:34] [INFO] Launching Flutter Windows application...
[2026-08-06 23:20:35] [SUCCESS] Flutter application launched (PID: 24344).
[2026-08-06 23:20:35] [INFO] Entering process supervisor mode...
[2026-08-06 23:20:37] [FAILURE] Backend process unexpectedly exited!
[2026-08-06 23:20:37] [WARN] Initiating auto-recovery attempt 1 of 3...
[2026-08-06 23:20:40] [INFO] Starting FastAPI backend...
[2026-08-06 23:20:40] [SUCCESS] Backend process started (PID: 2580).
[2026-08-06 23:20:40] [INFO] Waiting for backend health (http://127.0.0.1:8000/api/v1/health)...
[2026-08-06 23:20:40] [INFO] Health Check Attempt 1...
[2026-08-06 23:20:40] [SUCCESS] Health Check Successful. Backend Ready.
[2026-08-06 23:20:42] [FAILURE] Backend process unexpectedly exited!
[2026-08-06 23:20:42] [WARN] Initiating auto-recovery attempt 1 of 3...
[2026-08-06 23:20:45] [INFO] Starting FastAPI backend...
[2026-08-06 23:20:45] [SUCCESS] Backend process started (PID: 28612).
[2026-08-06 23:20:45] [INFO] Waiting for backend health (http://127.0.0.1:8000/api/v1/health)...
[2026-08-06 23:20:45] [INFO] Health Check Attempt 1...
[2026-08-06 23:20:45] [SUCCESS] Health Check Successful. Backend Ready.
[2026-08-06 23:20:47] [FAILURE] Backend process unexpectedly exited!
[2026-08-06 23:20:47] [WARN] Initiating auto-recovery attempt 1 of 3...
[2026-08-06 23:20:50] [INFO] Starting FastAPI backend...
[2026-08-06 23:20:50] [SUCCESS] Backend process started (PID: 3048).
[2026-08-06 23:20:50] [INFO] Waiting for backend health (http://127.0.0.1:8000/api/v1/health)...
[2026-08-06 23:20:50] [INFO] Health Check Attempt 1...
[2026-08-06 23:20:50] [SUCCESS] Health Check Successful. Backend Ready.
[2026-08-06 23:20:52] [FAILURE] Backend process unexpectedly exited!
[2026-08-06 23:20:52] [WARN] Initiating auto-recovery attempt 1 of 3...
[2026-08-06 23:20:55] [INFO] Starting FastAPI backend...
[2026-08-06 23:20:55] [SUCCESS] Backend process started (PID: 28704).
[2026-08-06 23:20:55] [INFO] Waiting for backend health (http://127.0.0.1:8000/api/v1/health)...
[2026-08-06 23:20:55] [INFO] Health Check Attempt 1...
[2026-08-06 23:20:55] [SUCCESS] Health Check Successful. Backend Ready.
[2026-08-06 23:20:57] [FAILURE] Backend process unexpectedly exited!
[2026-08-06 23:20:57] [WARN] Initiating auto-recovery attempt 1 of 3...
[2026-08-06 23:21:00] [INFO] Starting FastAPI backend...
[2026-08-06 23:21:00] [SUCCESS] Backend process started (PID: 27492).
[2026-08-06 23:21:00] [INFO] Waiting for backend health (http://127.0.0.1:8000/api/v1/health)...
[2026-08-06 23:21:00] [INFO] Health Check Attempt 1...
[2026-08-06 23:21:00] [SUCCESS] Health Check Successful. Backend Ready.
[2026-08-06 23:21:02] [FAILURE] Backend process unexpectedly exited!
[2026-08-06 23:21:02] [WARN] Initiating auto-recovery attempt 1 of 3...
[2026-08-06 23:21:05] [INFO] Starting FastAPI backend...
[2026-08-06 23:21:05] [SUCCESS] Backend process started (PID: 25400).
[2026-08-06 23:21:05] [INFO] Waiting for backend health (http://127.0.0.1:8000/api/v1/health)...
[2026-08-06 23:21:05] [INFO] Health Check Attempt 1...
[2026-08-06 23:21:05] [SUCCESS] Health Check Successful. Backend Ready.
[2026-08-06 23:21:07] [FAILURE] Backend process unexpectedly exited!
[2026-08-06 23:21:07] [WARN] Initiating auto-recovery attempt 1 of 3...
[2026-08-06 23:21:10] [INFO] Starting FastAPI backend...
[2026-08-06 23:21:10] [SUCCESS] Backend process started (PID: 6748).
[2026-08-06 23:21:10] [INFO] Waiting for backend health (http://127.0.0.1:8000/api/v1/health)...
[2026-08-06 23:21:10] [INFO] Health Check Attempt 1...
[2026-08-06 23:21:10] [SUCCESS] Health Check Successful. Backend Ready.
[2026-08-06 23:21:12] [FAILURE] Backend process unexpectedly exited!
[2026-08-06 23:21:12] [WARN] Initiating auto-recovery attempt 1 of 3...
[2026-08-06 23:21:15] [INFO] Starting FastAPI backend...
[2026-08-06 23:21:15] [SUCCESS] Backend process started (PID: 22504).
[2026-08-06 23:21:15] [INFO] Waiting for backend health (http://127.0.0.1:8000/api/v1/health)...
[2026-08-06 23:21:15] [INFO] Health Check Attempt 1...
[2026-08-06 23:21:15] [SUCCESS] Health Check Successful. Backend Ready.
[2026-08-06 23:21:17] [FAILURE] Backend process unexpectedly exited!
[2026-08-06 23:21:17] [WARN] Initiating auto-recovery attempt 1 of 3...
[2026-08-06 23:21:20] [INFO] Starting FastAPI backend...
[2026-08-06 23:21:20] [SUCCESS] Backend process started (PID: 28092).
[2026-08-06 23:21:20] [INFO] Waiting for backend health (http://127.0.0.1:8000/api/v1/health)...
[2026-08-06 23:21:20] [INFO] Health Check Attempt 1...
[2026-08-06 23:21:20] [SUCCESS] Health Check Successful. Backend Ready.
[2026-08-06 23:21:22] [FAILURE] Backend process unexpectedly exited!
[2026-08-06 23:21:22] [WARN] Initiating auto-recovery attempt 1 of 3...
[2026-08-06 23:21:25] [INFO] Starting FastAPI backend...
[2026-08-06 23:21:25] [SUCCESS] Backend process started (PID: 3668).
[2026-08-06 23:21:25] [INFO] Waiting for backend health (http://127.0.0.1:8000/api/v1/health)...
[2026-08-06 23:21:25] [INFO] Health Check Attempt 1...
[2026-08-06 23:21:25] [SUCCESS] Health Check Successful. Backend Ready.
[2026-08-06 23:21:27] [FAILURE] Backend process unexpectedly exited!
[2026-08-06 23:21:27] [WARN] Initiating auto-recovery attempt 1 of 3...
[2026-08-06 23:21:30] [INFO] Starting FastAPI backend...
[2026-08-06 23:21:31] [SUCCESS] Backend process started (PID: 6564).
[2026-08-06 23:21:31] [INFO] Waiting for backend health (http://127.0.0.1:8000/api/v1/health)...
[2026-08-06 23:21:31] [INFO] Health Check Attempt 1...
[2026-08-06 23:21:31] [SUCCESS] Health Check Successful. Backend Ready.
[2026-08-06 23:21:33] [FAILURE] Backend process unexpectedly exited!
[2026-08-06 23:21:33] [WARN] Initiating auto-recovery attempt 1 of 3...
[2026-08-06 23:21:36] [INFO] Starting FastAPI backend...
[2026-08-06 23:21:36] [SUCCESS] Backend process started (PID: 14120).
[2026-08-06 23:21:36] [INFO] Waiting for backend health (http://127.0.0.1:8000/api/v1/health)...
[2026-08-06 23:21:36] [INFO] Health Check Attempt 1...
[2026-08-06 23:21:38] [WARN] Health Check Failed: The operation has timed out.
[2026-08-06 23:21:40] [INFO] Health Check Attempt 2...
[2026-08-06 23:21:40] [SUCCESS] Health Check Successful. Backend Ready.
[2026-08-06 23:28:27] [INFO] Flutter application closed.
[2026-08-06 23:28:27] [FAILURE] Flutter application crashed.

Last Flutter Logs:

A Dart VM Service on Windows is available at: http://127.0.0.1:61140/aFskeqCRRJY=/
The Flutter DevTools debugger and profiler on Windows is available at: http://127.0.0.1:61140/aFskeqCRRJY=/devtools/?uri=ws://127.0.0.1:61140/aFskeqCRRJY=/ws
Session initialized: 705653ee-6469-4a5a-ba14-e6e3dab674d9
Stream error: DioException [bad response]: This exception was thrown because the response has a status code of 404 and RequestOptions.validateStatus was configured to throw for this status code.
The status code of 404 has the following meaning: "Client error - the request contains bad syntax or cannot be fulfilled"
Read more about status codes at https://developer.mozilla.org/en-US/docs/Web/HTTP/Status
In order to resolve this exception you typically have either to verify and fix your request code or you have to fix the server code.

Lost connection to device.
[2026-08-06 23:28:27] [RECOVERY] Check flutter logs for details:
C:\falcon\logs\flutter.log
[2026-08-06 23:28:40] [STARTUP] Starting Falcon AI Launcher in Development mode...
[2026-08-06 23:28:40] [INFO] Searching for Backend project...
[2026-08-06 23:28:40] [SUCCESS] Found Backend project at: C:\falcon
[2026-08-06 23:28:40] [INFO] Searching for Flutter project...
[2026-08-06 23:28:40] [SUCCESS] Found exactly one Flutter project at: C:\falcon
[2026-08-06 23:28:40] [INFO] Discovering Python environment...
[2026-08-06 23:28:40] [INFO] Verifying Python dependencies...
[2026-08-06 23:28:41] [SUCCESS] Dependencies verified successfully.
[2026-08-06 23:28:41] [INFO] Verifying Flutter SDK...
[2026-08-06 23:28:43] [SUCCESS] Flutter found: Flutter 3.44.8 G求 channel stable G求 https://github.com/flutter/flutter.git
[2026-08-06 23:28:43] [STARTUP] 
--- Falcon Startup Diagnostics ---
Project Root:          C:\falcon
Detected Backend Path: C:\falcon
Detected Flutter Path: C:\falcon
Selected Python:       python
Python Version:        Python 3.11.4
Environment Type:      System Python
Backend URL:           http://127.0.0.1:8000
Health Endpoint:       http://127.0.0.1:8000/api/v1/health
----------------------------------
[2026-08-06 23:28:43] [INFO] Starting FastAPI backend...
[2026-08-06 23:28:43] [SUCCESS] Backend process started (PID: 27848).
[2026-08-06 23:28:43] [INFO] Waiting for backend health (http://127.0.0.1:8000/api/v1/health)...
[2026-08-06 23:28:43] [INFO] Health Check Attempt 1...
[2026-08-06 23:28:45] [SUCCESS] Health Check Successful. Backend Ready.
[2026-08-06 23:28:45] [INFO] Launching Flutter Windows application...
[2026-08-06 23:28:45] [SUCCESS] Flutter application launched (PID: 23596).
[2026-08-06 23:28:45] [INFO] Entering process supervisor mode...
[2026-08-06 23:33:52] [INFO] Flutter application closed.
[2026-08-06 23:33:52] [INFO] Stopping backend process...
[2026-08-06 23:33:52] [SUCCESS] Falcon Launcher exiting cleanly.
[2026-08-06 23:33:56] [STARTUP] Starting Falcon AI Launcher in Development mode...
[2026-08-06 23:33:57] [INFO] Searching for Backend project...
[2026-08-06 23:33:57] [SUCCESS] Found Backend project at: C:\falcon
[2026-08-06 23:33:57] [INFO] Searching for Flutter project...
[2026-08-06 23:33:57] [SUCCESS] Found exactly one Flutter project at: C:\falcon
[2026-08-06 23:33:57] [INFO] Discovering Python environment...
[2026-08-06 23:33:57] [INFO] Verifying Python dependencies...
[2026-08-06 23:33:59] [SUCCESS] Dependencies verified successfully.
[2026-08-06 23:33:59] [INFO] Verifying Flutter SDK...
[2026-08-06 23:34:01] [SUCCESS] Flutter found: Flutter 3.44.8 G求 channel stable G求 https://github.com/flutter/flutter.git
[2026-08-06 23:34:01] [STARTUP] 
--- Falcon Startup Diagnostics ---
Project Root:          C:\falcon
Detected Backend Path: C:\falcon
Detected Flutter Path: C:\falcon
Selected Python:       python
Python Version:        Python 3.11.4
Environment Type:      System Python
Backend URL:           http://127.0.0.1:8000
Health Endpoint:       http://127.0.0.1:8000/api/v1/health
----------------------------------
[2026-08-06 23:34:01] [INFO] Starting FastAPI backend...
[2026-08-06 23:34:01] [SUCCESS] Backend process started (PID: 11272).
[2026-08-06 23:34:01] [INFO] Waiting for backend health (http://127.0.0.1:8000/api/v1/health)...
[2026-08-06 23:34:01] [INFO] Health Check Attempt 1...
[2026-08-06 23:34:03] [WARN] Health Check Failed: The operation has timed out.
[2026-08-06 23:34:05] [INFO] Health Check Attempt 2...
[2026-08-06 23:34:05] [SUCCESS] Health Check Successful. Backend Ready.
[2026-08-06 23:34:05] [INFO] Launching Flutter Windows application...
[2026-08-06 23:34:05] [SUCCESS] Flutter application launched (PID: 22588).
[2026-08-06 23:34:05] [INFO] Entering process supervisor mode...
[2026-08-06 23:34:36] [INFO] Flutter application closed.
[2026-08-06 23:34:36] [INFO] Stopping backend process...
[2026-08-06 23:34:36] [SUCCESS] Falcon Launcher exiting cleanly.
[2026-08-06 23:38:38] [STARTUP] Starting Falcon AI Launcher in Development mode...
[2026-08-06 23:38:38] [INFO] Searching for Backend project...
[2026-08-06 23:38:38] [SUCCESS] Found Backend project at: C:\falcon
[2026-08-06 23:38:38] [INFO] Searching for Flutter project...
[2026-08-06 23:38:38] [SUCCESS] Found exactly one Flutter project at: C:\falcon
[2026-08-06 23:38:38] [INFO] Discovering Python environment...
[2026-08-06 23:38:38] [INFO] Verifying Python dependencies...
[2026-08-06 23:38:40] [SUCCESS] Dependencies verified successfully.
[2026-08-06 23:38:40] [INFO] Verifying Flutter SDK...
[2026-08-06 23:38:43] [SUCCESS] Flutter found: Flutter 3.44.8 G求 channel stable G求 https://github.com/flutter/flutter.git
[2026-08-06 23:38:43] [STARTUP] 
--- Falcon Startup Diagnostics ---
Project Root:          C:\falcon
Detected Backend Path: C:\falcon
Detected Flutter Path: C:\falcon
Selected Python:       python
Python Version:        Python 3.11.4
Environment Type:      System Python
Backend URL:           http://127.0.0.1:8000
Health Endpoint:       http://127.0.0.1:8000/api/v1/health
----------------------------------
[2026-08-06 23:38:43] [INFO] Starting FastAPI backend...
[2026-08-06 23:38:43] [SUCCESS] Backend process started (PID: 26392).
[2026-08-06 23:38:43] [INFO] Waiting for backend health (http://127.0.0.1:8000/api/v1/health)...
[2026-08-06 23:38:43] [INFO] Health Check Attempt 1...
[2026-08-06 23:38:45] [WARN] Health Check Failed: The operation has timed out.
[2026-08-06 23:38:47] [INFO] Health Check Attempt 2...
[2026-08-06 23:38:48] [SUCCESS] Health Check Successful. Backend Ready.
[2026-08-06 23:38:48] [INFO] Launching Flutter Windows application...
[2026-08-06 23:38:48] [SUCCESS] Flutter application launched (PID: 28188).
[2026-08-06 23:38:48] [INFO] Entering process supervisor mode...
[2026-08-06 23:39:36] [INFO] Flutter application closed.
[2026-08-06 23:39:36] [SUCCESS] Falcon Launcher exiting cleanly.
[2026-08-06 23:43:24] [STARTUP] Starting Falcon AI Launcher in Development mode...
[2026-08-06 23:43:24] [INFO] Searching for Backend project...
[2026-08-06 23:43:24] [SUCCESS] Found Backend project at: C:\falcon
[2026-08-06 23:43:24] [INFO] Searching for Flutter project...
[2026-08-06 23:43:25] [SUCCESS] Found exactly one Flutter project at: C:\falcon
[2026-08-06 23:43:25] [INFO] Discovering Python environment...
[2026-08-06 23:43:25] [INFO] Verifying Python dependencies...
[2026-08-06 23:43:26] [SUCCESS] Dependencies verified successfully.
[2026-08-06 23:43:26] [INFO] Verifying Flutter SDK...
[2026-08-06 23:43:27] [SUCCESS] Flutter found: Flutter 3.44.8 G求 channel stable G求 https://github.com/flutter/flutter.git
[2026-08-06 23:43:27] [STARTUP] 
--- Falcon Startup Diagnostics ---
Project Root:          C:\falcon
Detected Backend Path: C:\falcon
Detected Flutter Path: C:\falcon
Selected Python:       python
Python Version:        Python 3.11.4
Environment Type:      System Python
Backend URL:           http://127.0.0.1:8000
Health Endpoint:       http://127.0.0.1:8000/api/v1/health
----------------------------------
[2026-08-06 23:43:27] [INFO] Starting FastAPI backend...
[2026-08-06 23:43:27] [SUCCESS] Backend process started (PID: 26936).
[2026-08-06 23:43:27] [INFO] Waiting for backend health (http://127.0.0.1:8000/api/v1/health)...
[2026-08-06 23:43:27] [INFO] Health Check Attempt 1...
[2026-08-06 23:43:29] [SUCCESS] Health Check Successful. Backend Ready.
[2026-08-06 23:43:29] [INFO] Launching Flutter Windows application...
[2026-08-06 23:43:29] [SUCCESS] Flutter application launched (PID: 27976).
[2026-08-06 23:43:29] [INFO] Entering process supervisor mode...
[2026-08-06 23:47:03] [INFO] Flutter application closed.
[2026-08-06 23:47:03] [INFO] Stopping backend process...
[2026-08-06 23:47:03] [SUCCESS] Falcon Launcher exiting cleanly.
[2026-08-06 23:50:07] [STARTUP] Starting Falcon AI Launcher in Development mode...
[2026-08-06 23:50:07] [INFO] Searching for Backend project...
[2026-08-06 23:50:07] [SUCCESS] Found Backend project at: C:\falcon
[2026-08-06 23:50:07] [INFO] Searching for Flutter project...
[2026-08-06 23:50:07] [SUCCESS] Found exactly one Flutter project at: C:\falcon
[2026-08-06 23:50:07] [INFO] Discovering Python environment...
[2026-08-06 23:50:07] [INFO] Verifying Python dependencies...
[2026-08-06 23:50:09] [SUCCESS] Dependencies verified successfully.
[2026-08-06 23:50:09] [INFO] Verifying Flutter SDK...
[2026-08-06 23:50:12] [SUCCESS] Flutter found: Flutter 3.44.8 G求 channel stable G求 https://github.com/flutter/flutter.git
[2026-08-06 23:50:12] [STARTUP] 
--- Falcon Startup Diagnostics ---
Project Root:          C:\falcon
Detected Backend Path: C:\falcon
Detected Flutter Path: C:\falcon
Selected Python:       python
Python Version:        Python 3.11.4
Environment Type:      System Python
Backend URL:           http://127.0.0.1:8000
Health Endpoint:       http://127.0.0.1:8000/api/v1/health
----------------------------------
[2026-08-06 23:50:12] [INFO] Starting FastAPI backend...
[2026-08-06 23:50:12] [SUCCESS] Backend process started (PID: 21688).
[2026-08-06 23:50:12] [INFO] Waiting for backend health (http://127.0.0.1:8000/api/v1/health)...
[2026-08-06 23:50:12] [INFO] Health Check Attempt 1...
[2026-08-06 23:50:14] [WARN] Health Check Failed: The operation has timed out.
[2026-08-06 23:50:16] [INFO] Health Check Attempt 2...
[2026-08-06 23:50:16] [SUCCESS] Health Check Successful. Backend Ready.
[2026-08-06 23:50:16] [INFO] Launching Flutter Windows application...
[2026-08-06 23:50:16] [SUCCESS] Flutter application launched (PID: 17168).
[2026-08-06 23:50:16] [INFO] Entering process supervisor mode...
[2026-08-06 23:55:27] [INFO] Flutter application closed.
[2026-08-06 23:55:27] [INFO] Stopping backend process...
[2026-08-06 23:55:27] [SUCCESS] Falcon Launcher exiting cleanly.
[2026-08-06 23:55:32] [STARTUP] Starting Falcon AI Launcher in Development mode...
[2026-08-06 23:55:32] [INFO] Searching for Backend project...
[2026-08-06 23:55:32] [SUCCESS] Found Backend project at: C:\falcon
[2026-08-06 23:55:32] [INFO] Searching for Flutter project...
[2026-08-06 23:55:32] [SUCCESS] Found exactly one Flutter project at: C:\falcon
[2026-08-06 23:55:32] [INFO] Discovering Python environment...
[2026-08-06 23:55:32] [INFO] Verifying Python dependencies...
[2026-08-06 23:55:34] [SUCCESS] Dependencies verified successfully.
[2026-08-06 23:55:34] [INFO] Verifying Flutter SDK...
[2026-08-06 23:55:36] [SUCCESS] Flutter found: Flutter 3.44.8 G求 channel stable G求 https://github.com/flutter/flutter.git
[2026-08-06 23:55:36] [STARTUP] 
--- Falcon Startup Diagnostics ---
Project Root:          C:\falcon
Detected Backend Path: C:\falcon
Detected Flutter Path: C:\falcon
Selected Python:       python
Python Version:        Python 3.11.4
Environment Type:      System Python
Backend URL:           http://127.0.0.1:8000
Health Endpoint:       http://127.0.0.1:8000/api/v1/health
----------------------------------
[2026-08-06 23:55:36] [INFO] Starting FastAPI backend...
[2026-08-06 23:55:36] [SUCCESS] Backend process started (PID: 29088).
[2026-08-06 23:55:36] [INFO] Waiting for backend health (http://127.0.0.1:8000/api/v1/health)...
[2026-08-06 23:55:36] [INFO] Health Check Attempt 1...
[2026-08-06 23:55:39] [WARN] Health Check Failed: The operation has timed out.
[2026-08-06 23:55:41] [INFO] Health Check Attempt 2...
[2026-08-06 23:55:41] [SUCCESS] Health Check Successful. Backend Ready.
[2026-08-06 23:55:41] [INFO] Launching Flutter Windows application...
[2026-08-06 23:55:41] [SUCCESS] Flutter application launched (PID: 21740).
[2026-08-06 23:55:41] [INFO] Entering process supervisor mode...
[2026-08-07 00:00:32] [INFO] Flutter application closed.
[2026-08-07 00:00:32] [INFO] Stopping backend process...
[2026-08-07 00:00:32] [SUCCESS] Falcon Launcher exiting cleanly.
[2026-08-07 00:06:49] [STARTUP] Starting Falcon AI Launcher in Development mode...
[2026-08-07 00:06:50] [INFO] Searching for Backend project...
[2026-08-07 00:06:50] [SUCCESS] Found Backend project at: C:\falcon
[2026-08-07 00:06:50] [INFO] Searching for Flutter project...
[2026-08-07 00:06:50] [SUCCESS] Found exactly one Flutter project at: C:\falcon
[2026-08-07 00:06:50] [INFO] Discovering Python environment...
[2026-08-07 00:06:50] [INFO] Verifying Python dependencies...
[2026-08-07 00:06:52] [SUCCESS] Dependencies verified successfully.
[2026-08-07 00:06:52] [INFO] Verifying Flutter SDK...
[2026-08-07 00:06:54] [SUCCESS] Flutter found: Flutter 3.44.8 G求 channel stable G求 https://github.com/flutter/flutter.git
[2026-08-07 00:06:54] [STARTUP] 
--- Falcon Startup Diagnostics ---
Project Root:          C:\falcon
Detected Backend Path: C:\falcon
Detected Flutter Path: C:\falcon
Selected Python:       python
Python Version:        Python 3.11.4
Environment Type:      System Python
Backend URL:           http://127.0.0.1:8000
Health Endpoint:       http://127.0.0.1:8000/api/v1/health
----------------------------------
[2026-08-07 00:06:54] [INFO] Starting FastAPI backend...
[2026-08-07 00:06:54] [SUCCESS] Backend process started (PID: 28004).
[2026-08-07 00:06:54] [INFO] Waiting for backend health (http://127.0.0.1:8000/api/v1/health)...
[2026-08-07 00:06:54] [INFO] Health Check Attempt 1...
[2026-08-07 00:06:56] [WARN] Health Check Failed: The operation has timed out.
[2026-08-07 00:06:58] [INFO] Health Check Attempt 2...
[2026-08-07 00:06:59] [SUCCESS] Health Check Successful. Backend Ready.
[2026-08-07 00:06:59] [INFO] Launching Flutter Windows application...
[2026-08-07 00:06:59] [SUCCESS] Flutter application launched (PID: 30048).
[2026-08-07 00:06:59] [INFO] Entering process supervisor mode...
[2026-08-07 00:08:37] [INFO] Flutter application closed.
[2026-08-07 00:08:37] [INFO] Stopping backend process...
[2026-08-07 00:08:37] [SUCCESS] Falcon Launcher exiting cleanly.
[2026-08-07 00:15:05] [STARTUP] Starting Falcon AI Launcher in Development mode...
[2026-08-07 00:15:05] [INFO] Searching for Backend project...
[2026-08-07 00:15:05] [SUCCESS] Found Backend project at: C:\falcon
[2026-08-07 00:15:05] [INFO] Searching for Flutter project...
[2026-08-07 00:15:05] [SUCCESS] Found exactly one Flutter project at: C:\falcon
[2026-08-07 00:15:05] [INFO] Discovering Python environment...
[2026-08-07 00:15:05] [INFO] Verifying Python dependencies...
[2026-08-07 00:15:06] [SUCCESS] Dependencies verified successfully.
[2026-08-07 00:15:06] [INFO] Verifying Flutter SDK...
[2026-08-07 00:15:08] [SUCCESS] Flutter found: Flutter 3.44.8 G求 channel stable G求 https://github.com/flutter/flutter.git
[2026-08-07 00:15:08] [STARTUP] 
--- Falcon Startup Diagnostics ---
Project Root:          C:\falcon
Detected Backend Path: C:\falcon
Detected Flutter Path: C:\falcon
Selected Python:       python
Python Version:        Python 3.11.4
Environment Type:      System Python
Backend URL:           http://127.0.0.1:8000
Health Endpoint:       http://127.0.0.1:8000/api/v1/health
----------------------------------
[2026-08-07 00:15:08] [INFO] Starting FastAPI backend...
[2026-08-07 00:15:08] [SUCCESS] Backend process started (PID: 29328).
[2026-08-07 00:15:08] [INFO] Waiting for backend health (http://127.0.0.1:8000/api/v1/health)...
[2026-08-07 00:15:08] [INFO] Health Check Attempt 1...
[2026-08-07 00:15:11] [WARN] Health Check Failed: The operation has timed out.
[2026-08-07 00:15:13] [INFO] Health Check Attempt 2...
[2026-08-07 00:15:13] [SUCCESS] Health Check Successful. Backend Ready.
[2026-08-07 00:15:13] [INFO] Launching Flutter Windows application...
[2026-08-07 00:15:13] [SUCCESS] Flutter application launched (PID: 21544).
[2026-08-07 00:15:13] [INFO] Entering process supervisor mode...
[2026-08-07 00:16:39] [INFO] Flutter application closed.
[2026-08-07 00:16:39] [INFO] Stopping backend process...
[2026-08-07 00:16:39] [SUCCESS] Falcon Launcher exiting cleanly.
[2026-08-07 00:21:35] [STARTUP] Starting Falcon AI Launcher in Development mode...
[2026-08-07 00:21:35] [INFO] Searching for Backend project...
[2026-08-07 00:21:35] [SUCCESS] Found Backend project at: C:\falcon
[2026-08-07 00:21:35] [INFO] Searching for Flutter project...
[2026-08-07 00:21:35] [SUCCESS] Found exactly one Flutter project at: C:\falcon
[2026-08-07 00:21:35] [INFO] Discovering Python environment...
[2026-08-07 00:21:36] [INFO] Verifying Python dependencies...
[2026-08-07 00:21:40] [SUCCESS] Dependencies verified successfully.
[2026-08-07 00:21:40] [INFO] Verifying Flutter SDK...
[2026-08-07 00:21:44] [SUCCESS] Flutter found: Flutter 3.44.8 G求 channel stable G求 https://github.com/flutter/flutter.git
[2026-08-07 00:21:45] [STARTUP] 
--- Falcon Startup Diagnostics ---
Project Root:          C:\falcon
Detected Backend Path: C:\falcon
Detected Flutter Path: C:\falcon
Selected Python:       python
Python Version:        Python 3.11.4
Environment Type:      System Python
Backend URL:           http://127.0.0.1:8000
Health Endpoint:       http://127.0.0.1:8000/api/v1/health
----------------------------------
[2026-08-07 00:21:45] [INFO] Starting FastAPI backend...
[2026-08-07 00:21:45] [SUCCESS] Backend process started (PID: 13488).
[2026-08-07 00:21:45] [INFO] Waiting for backend health (http://127.0.0.1:8000/api/v1/health)...
[2026-08-07 00:21:45] [INFO] Health Check Attempt 1...
[2026-08-07 00:21:47] [WARN] Health Check Failed: The operation has timed out.
[2026-08-07 00:21:49] [INFO] Health Check Attempt 2...
[2026-08-07 00:21:51] [WARN] Health Check Failed: The operation has timed out.
[2026-08-07 00:21:53] [INFO] Health Check Attempt 3...
[2026-08-07 00:21:53] [SUCCESS] Health Check Successful. Backend Ready.
[2026-08-07 00:21:53] [INFO] Launching Flutter Windows application...
[2026-08-07 00:21:53] [SUCCESS] Flutter application launched (PID: 29276).
[2026-08-07 00:21:53] [INFO] Entering process supervisor mode...
[2026-08-07 00:22:54] [INFO] Flutter application closed.
[2026-08-07 00:22:54] [INFO] Stopping backend process...
[2026-08-07 00:22:54] [SUCCESS] Falcon Launcher exiting cleanly.
[2026-08-07 00:23:00] [STARTUP] Starting Falcon AI Launcher in Development mode...
[2026-08-07 00:23:00] [INFO] Searching for Backend project...
[2026-08-07 00:23:00] [SUCCESS] Found Backend project at: C:\falcon
[2026-08-07 00:23:00] [INFO] Searching for Flutter project...
[2026-08-07 00:23:00] [SUCCESS] Found exactly one Flutter project at: C:\falcon
[2026-08-07 00:23:00] [INFO] Discovering Python environment...
[2026-08-07 00:23:00] [INFO] Verifying Python dependencies...
[2026-08-07 00:23:04] [SUCCESS] Dependencies verified successfully.
[2026-08-07 00:23:04] [INFO] Verifying Flutter SDK...
[2026-08-07 00:23:09] [SUCCESS] Flutter found: Flutter 3.44.8 G求 channel stable G求 https://github.com/flutter/flutter.git
[2026-08-07 00:23:09] [STARTUP] 
--- Falcon Startup Diagnostics ---
Project Root:          C:\falcon
Detected Backend Path: C:\falcon
Detected Flutter Path: C:\falcon
Selected Python:       python
Python Version:        Python 3.11.4
Environment Type:      System Python
Backend URL:           http://127.0.0.1:8000
Health Endpoint:       http://127.0.0.1:8000/api/v1/health
----------------------------------
[2026-08-07 00:23:09] [INFO] Starting FastAPI backend...
[2026-08-07 00:23:09] [SUCCESS] Backend process started (PID: 30680).
[2026-08-07 00:23:09] [INFO] Waiting for backend health (http://127.0.0.1:8000/api/v1/health)...
[2026-08-07 00:23:09] [INFO] Health Check Attempt 1...
[2026-08-07 00:23:11] [WARN] Health Check Failed: The operation has timed out.
[2026-08-07 00:23:13] [INFO] Health Check Attempt 2...
[2026-08-07 00:23:15] [WARN] Health Check Failed: The operation has timed out.
[2026-08-07 00:23:17] [INFO] Health Check Attempt 3...
[2026-08-07 00:23:18] [SUCCESS] Health Check Successful. Backend Ready.
[2026-08-07 00:23:18] [INFO] Launching Flutter Windows application...
[2026-08-07 00:23:18] [SUCCESS] Flutter application launched (PID: 8300).
[2026-08-07 00:23:18] [INFO] Entering process supervisor mode...
[2026-08-07 00:24:47] [INFO] Flutter application closed.
[2026-08-07 00:24:47] [INFO] Stopping backend process...
[2026-08-07 00:24:47] [SUCCESS] Falcon Launcher exiting cleanly.
[2026-08-07 00:32:16] [STARTUP] Starting Falcon AI Launcher in Development mode...
[2026-08-07 00:32:16] [INFO] Searching for Backend project...
[2026-08-07 00:32:17] [SUCCESS] Found Backend project at: C:\falcon
[2026-08-07 00:32:17] [INFO] Searching for Flutter project...
[2026-08-07 00:32:17] [SUCCESS] Found exactly one Flutter project at: C:\falcon
[2026-08-07 00:32:17] [INFO] Discovering Python environment...
[2026-08-07 00:32:17] [INFO] Verifying Python dependencies...
[2026-08-07 00:32:20] [SUCCESS] Dependencies verified successfully.
[2026-08-07 00:32:20] [INFO] Verifying Flutter SDK...
[2026-08-07 00:32:25] [SUCCESS] Flutter found: Flutter 3.44.8 G求 channel stable G求 https://github.com/flutter/flutter.git
[2026-08-07 00:32:25] [STARTUP] 
--- Falcon Startup Diagnostics ---
Project Root:          C:\falcon
Detected Backend Path: C:\falcon
Detected Flutter Path: C:\falcon
Selected Python:       python
Python Version:        Python 3.11.4
Environment Type:      System Python
Backend URL:           http://127.0.0.1:8000
Health Endpoint:       http://127.0.0.1:8000/api/v1/health
----------------------------------
[2026-08-07 00:32:25] [INFO] Starting FastAPI backend...
[2026-08-07 00:32:25] [SUCCESS] Backend process started (PID: 20812).
[2026-08-07 00:32:25] [INFO] Waiting for backend health (http://127.0.0.1:8000/api/v1/health)...
[2026-08-07 00:32:25] [INFO] Health Check Attempt 1...
[2026-08-07 00:32:28] [WARN] Health Check Failed: The operation has timed out.
[2026-08-07 00:32:30] [INFO] Health Check Attempt 2...
[2026-08-07 00:32:32] [SUCCESS] Health Check Successful. Backend Ready.
[2026-08-07 00:32:32] [INFO] Launching Flutter Windows application...
[2026-08-07 00:32:32] [SUCCESS] Flutter application launched (PID: 26888).
[2026-08-07 00:32:32] [INFO] Entering process supervisor mode...
[2026-08-07 00:33:16] [INFO] Flutter application closed.
[2026-08-07 00:33:16] [FAILURE] Flutter application crashed.

Last Flutter Logs:
    + CategoryInfo          : NotSpecified: (lib/providers/c...semble.vcxproj]:String) [], RemoteException
    + FullyQualifiedErrorId : NativeCommandError
 
C:\Program Files (x86)\Microsoft Visual 
Studio\2022\BuildTools\MSBuild\Microsoft\VC\v170\Microsoft.CppCommon.targets(254,5): error MSB8066: Custom build for 'C
:\falcon\build\windows\x64\CMakeFiles\5ba11ed7be0339f80a165953ea7fedd7\flutter_windows.dll.rule;C:\falcon\build\windows
\x64\CMakeFiles\40af3f0e4f072655aa1ec0c8ca93a675\flutter_assemble.rule' exited with code 1. 
[C:\falcon\build\windows\x64\flutter\flutter_assemble.vcxproj]
Building Windows application...                                    33.0s
Error: Build process failed.
[2026-08-07 00:33:16] [RECOVERY] Check flutter logs for details:
C:\falcon\logs\flutter.log
[2026-08-07 00:33:29] [STARTUP] Starting Falcon AI Launcher in Development mode...
[2026-08-07 00:33:29] [INFO] Searching for Backend project...
[2026-08-07 00:33:29] [SUCCESS] Found Backend project at: C:\falcon
[2026-08-07 00:33:29] [INFO] Searching for Flutter project...
[2026-08-07 00:33:29] [SUCCESS] Found exactly one Flutter project at: C:\falcon
[2026-08-07 00:33:29] [INFO] Discovering Python environment...
[2026-08-07 00:33:29] [INFO] Verifying Python dependencies...
[2026-08-07 00:33:31] [SUCCESS] Dependencies verified successfully.
[2026-08-07 00:33:31] [INFO] Verifying Flutter SDK...
[2026-08-07 00:33:33] [SUCCESS] Flutter found: Flutter 3.44.8 G求 channel stable G求 https://github.com/flutter/flutter.git
[2026-08-07 00:33:33] [STARTUP] 
--- Falcon Startup Diagnostics ---
Project Root:          C:\falcon
Detected Backend Path: C:\falcon
Detected Flutter Path: C:\falcon
Selected Python:       python
Python Version:        Python 3.11.4
Environment Type:      System Python
Backend URL:           http://127.0.0.1:8000
Health Endpoint:       http://127.0.0.1:8000/api/v1/health
----------------------------------
[2026-08-07 00:33:33] [INFO] Starting FastAPI backend...
[2026-08-07 00:33:34] [SUCCESS] Backend process started (PID: 30112).
[2026-08-07 00:33:34] [INFO] Waiting for backend health (http://127.0.0.1:8000/api/v1/health)...
[2026-08-07 00:33:34] [INFO] Health Check Attempt 1...
[2026-08-07 00:33:36] [WARN] Health Check Failed: The operation has timed out.
[2026-08-07 00:33:38] [INFO] Health Check Attempt 2...
[2026-08-07 00:33:38] [SUCCESS] Health Check Successful. Backend Ready.
[2026-08-07 00:33:38] [INFO] Launching Flutter Windows application...
[2026-08-07 00:33:38] [SUCCESS] Flutter application launched (PID: 29228).
[2026-08-07 00:33:38] [INFO] Entering process supervisor mode...
[2026-08-07 00:34:00] [INFO] Flutter application closed.
[2026-08-07 00:34:00] [FAILURE] Flutter application crashed.

Last Flutter Logs:
    + CategoryInfo          : NotSpecified: (lib/providers/c...semble.vcxproj]:String) [], RemoteException
    + FullyQualifiedErrorId : NativeCommandError
 
C:\Program Files (x86)\Microsoft Visual 
Studio\2022\BuildTools\MSBuild\Microsoft\VC\v170\Microsoft.CppCommon.targets(254,5): error MSB8066: Custom build for 'C
:\falcon\build\windows\x64\CMakeFiles\5ba11ed7be0339f80a165953ea7fedd7\flutter_windows.dll.rule;C:\falcon\build\windows
\x64\CMakeFiles\40af3f0e4f072655aa1ec0c8ca93a675\flutter_assemble.rule' exited with code 1. 
[C:\falcon\build\windows\x64\flutter\flutter_assemble.vcxproj]
Building Windows application...                                    16.5s
Error: Build process failed.
[2026-08-07 00:34:00] [RECOVERY] Check flutter logs for details:
C:\falcon\logs\flutter.log
[2026-08-07 00:44:05] [STARTUP] Starting Falcon AI Launcher in Development mode...
[2026-08-07 00:44:05] [INFO] Searching for Backend project...
[2026-08-07 00:44:05] [SUCCESS] Found Backend project at: C:\falcon
[2026-08-07 00:44:05] [INFO] Searching for Flutter project...
[2026-08-07 00:44:05] [SUCCESS] Found exactly one Flutter project at: C:\falcon
[2026-08-07 00:44:05] [INFO] Discovering Python environment...
[2026-08-07 00:44:05] [INFO] Verifying Python dependencies...
[2026-08-07 00:44:12] [SUCCESS] Dependencies verified successfully.
[2026-08-07 00:44:12] [INFO] Verifying Flutter SDK...
[2026-08-07 00:44:18] [SUCCESS] Flutter found: Flutter 3.44.8 G求 channel stable G求 https://github.com/flutter/flutter.git
[2026-08-07 00:44:18] [STARTUP] 
--- Falcon Startup Diagnostics ---
Project Root:          C:\falcon
Detected Backend Path: C:\falcon
Detected Flutter Path: C:\falcon
Selected Python:       python
Python Version:        Python 3.11.4
Environment Type:      System Python
Backend URL:           http://127.0.0.1:8000
Health Endpoint:       http://127.0.0.1:8000/api/v1/health
----------------------------------
[2026-08-07 00:44:18] [INFO] Starting FastAPI backend...
[2026-08-07 00:44:19] [SUCCESS] Backend process started (PID: 31156).
[2026-08-07 00:44:19] [INFO] Waiting for backend health (http://127.0.0.1:8000/api/v1/health)...
[2026-08-07 00:44:19] [INFO] Health Check Attempt 1...
[2026-08-07 00:44:21] [WARN] Health Check Failed: The operation has timed out.
[2026-08-07 00:44:23] [INFO] Health Check Attempt 2...
[2026-08-07 00:44:25] [WARN] Health Check Failed: The operation has timed out.
[2026-08-07 00:44:27] [INFO] Health Check Attempt 3...
[2026-08-07 00:44:28] [SUCCESS] Health Check Successful. Backend Ready.
[2026-08-07 00:44:28] [INFO] Launching Flutter Windows application...
[2026-08-07 00:44:28] [SUCCESS] Flutter application launched (PID: 30616).
[2026-08-07 00:44:28] [INFO] Entering process supervisor mode...
[2026-08-07 00:45:50] [INFO] Flutter application closed.
[2026-08-07 00:45:50] [FAILURE] Flutter application crashed.

Last Flutter Logs:
flutter : LINK : fatal error LNK1168: cannot open C:\falcon\build\windows\x64\runner\Debug\falcon.exe for writing 
[C:\falcon\build\windows\x64\runner\falcon.vcxproj]
At line:1 char:33
+ Set-Location -Path 'C:\falcon'; flutter run -d windows 2>&1 | Tee-Obj ...
+                                 ~~~~~~~~~~~~~~~~~~~~~~~~~~~
    + CategoryInfo          : NotSpecified: (LINK : fatal er...falcon.vcxproj]:String) [], RemoteException
    + FullyQualifiedErrorId : NativeCommandError
 
Building Windows application...                                    67.9s
Error: Build process failed.
[2026-08-07 00:45:50] [RECOVERY] Check flutter logs for details:
C:\falcon\logs\flutter.log
[2026-08-07 00:53:26] [STARTUP] Starting Falcon AI Launcher in Development mode...
[2026-08-07 00:53:26] [INFO] Searching for Backend project...
[2026-08-07 00:53:26] [SUCCESS] Found Backend project at: C:\falcon
[2026-08-07 00:53:26] [INFO] Searching for Flutter project...
[2026-08-07 00:53:26] [SUCCESS] Found exactly one Flutter project at: C:\falcon
[2026-08-07 00:53:26] [INFO] Discovering Python environment...
[2026-08-07 00:53:26] [INFO] Verifying Python dependencies...
[2026-08-07 00:53:27] [SUCCESS] Dependencies verified successfully.
[2026-08-07 00:53:27] [INFO] Verifying Flutter SDK...
[2026-08-07 00:53:28] [SUCCESS] Flutter found: Flutter 3.44.8 G求 channel stable G求 https://github.com/flutter/flutter.git
[2026-08-07 00:53:28] [STARTUP] 
--- Falcon Startup Diagnostics ---
Project Root:          C:\falcon
Detected Backend Path: C:\falcon
Detected Flutter Path: C:\falcon
Selected Python:       python
Python Version:        Python 3.11.4
Environment Type:      System Python
Backend URL:           http://127.0.0.1:8000
Health Endpoint:       http://127.0.0.1:8000/api/v1/health
----------------------------------
[2026-08-07 00:53:28] [INFO] Starting FastAPI backend...
[2026-08-07 00:53:28] [SUCCESS] Backend process started (PID: 2260).
[2026-08-07 00:53:28] [INFO] Waiting for backend health (http://127.0.0.1:8000/api/v1/health)...
[2026-08-07 00:53:28] [INFO] Health Check Attempt 1...
[2026-08-07 00:53:30] [SUCCESS] Health Check Successful. Backend Ready.
[2026-08-07 00:53:30] [INFO] Launching Flutter Windows application...
[2026-08-07 00:53:30] [SUCCESS] Flutter application launched (PID: 11256).
[2026-08-07 00:53:30] [INFO] Entering process supervisor mode...
[2026-08-07 00:59:23] [INFO] Flutter application closed.
[2026-08-07 00:59:23] [INFO] Stopping backend process...
[2026-08-07 00:59:23] [SUCCESS] Falcon Launcher exiting cleanly.
[2026-08-07 00:59:32] [STARTUP] Starting Falcon AI Launcher in Development mode...
[2026-08-07 00:59:32] [INFO] Searching for Backend project...
[2026-08-07 00:59:32] [SUCCESS] Found Backend project at: C:\falcon
[2026-08-07 00:59:32] [INFO] Searching for Flutter project...
[2026-08-07 00:59:32] [SUCCESS] Found exactly one Flutter project at: C:\falcon
[2026-08-07 00:59:32] [INFO] Discovering Python environment...
[2026-08-07 00:59:32] [INFO] Verifying Python dependencies...
[2026-08-07 00:59:34] [SUCCESS] Dependencies verified successfully.
[2026-08-07 00:59:34] [INFO] Verifying Flutter SDK...
[2026-08-07 00:59:36] [SUCCESS] Flutter found: Flutter 3.44.8 G求 channel stable G求 https://github.com/flutter/flutter.git
[2026-08-07 00:59:36] [STARTUP] 
--- Falcon Startup Diagnostics ---
Project Root:          C:\falcon
Detected Backend Path: C:\falcon
Detected Flutter Path: C:\falcon
Selected Python:       python
Python Version:        Python 3.11.4
Environment Type:      System Python
Backend URL:           http://127.0.0.1:8000
Health Endpoint:       http://127.0.0.1:8000/api/v1/health
----------------------------------
[2026-08-07 00:59:36] [INFO] Starting FastAPI backend...
[2026-08-07 00:59:36] [SUCCESS] Backend process started (PID: 19572).
[2026-08-07 00:59:36] [INFO] Waiting for backend health (http://127.0.0.1:8000/api/v1/health)...
[2026-08-07 00:59:36] [INFO] Health Check Attempt 1...
[2026-08-07 00:59:38] [WARN] Health Check Failed: The operation has timed out.
[2026-08-07 00:59:40] [INFO] Health Check Attempt 2...
[2026-08-07 00:59:40] [SUCCESS] Health Check Successful. Backend Ready.
[2026-08-07 00:59:40] [INFO] Launching Flutter Windows application...
[2026-08-07 00:59:40] [SUCCESS] Flutter application launched (PID: 10576).
[2026-08-07 00:59:40] [INFO] Entering process supervisor mode...
[2026-08-07 01:01:37] [INFO] Flutter application closed.
[2026-08-07 01:01:37] [INFO] Stopping backend process...
[2026-08-07 01:01:37] [SUCCESS] Falcon Launcher exiting cleanly.
[2026-08-07 01:12:42] [STARTUP] Starting Falcon AI Launcher in Development mode...
[2026-08-07 01:12:42] [INFO] Searching for Backend project...
[2026-08-07 01:12:42] [SUCCESS] Found Backend project at: C:\falcon
[2026-08-07 01:12:42] [INFO] Searching for Flutter project...
[2026-08-07 01:12:43] [SUCCESS] Found exactly one Flutter project at: C:\falcon
[2026-08-07 01:12:43] [INFO] Discovering Python environment...
[2026-08-07 01:12:43] [INFO] Verifying Python dependencies...
[2026-08-07 01:12:43] [SUCCESS] Dependencies verified successfully.
[2026-08-07 01:12:43] [INFO] Verifying Flutter SDK...
[2026-08-07 01:12:45] [SUCCESS] Flutter found: Flutter 3.44.8 G求 channel stable G求 https://github.com/flutter/flutter.git
[2026-08-07 01:12:45] [STARTUP] 
--- Falcon Startup Diagnostics ---
Project Root:          C:\falcon
Detected Backend Path: C:\falcon
Detected Flutter Path: C:\falcon
Selected Python:       python
Python Version:        Python 3.11.4
Environment Type:      System Python
Backend URL:           http://127.0.0.1:8000
Health Endpoint:       http://127.0.0.1:8000/api/v1/health
----------------------------------
[2026-08-07 01:12:45] [INFO] Starting FastAPI backend...
[2026-08-07 01:12:45] [SUCCESS] Backend process started (PID: 26096).
[2026-08-07 01:12:45] [INFO] Waiting for backend health (http://127.0.0.1:8000/api/v1/health)...
[2026-08-07 01:12:45] [INFO] Health Check Attempt 1...
[2026-08-07 01:12:47] [SUCCESS] Health Check Successful. Backend Ready.
[2026-08-07 01:12:47] [INFO] Launching Flutter Windows application...
[2026-08-07 01:12:47] [SUCCESS] Flutter application launched (PID: 18012).
[2026-08-07 01:12:47] [INFO] Entering process supervisor mode...
[2026-08-07 01:16:28] [INFO] Flutter application closed.
[2026-08-07 01:16:28] [SUCCESS] Falcon Launcher exiting cleanly.
[2026-08-07 01:16:32] [STARTUP] Starting Falcon AI Launcher in Development mode...
[2026-08-07 01:16:32] [INFO] Searching for Backend project...
[2026-08-07 01:16:32] [SUCCESS] Found Backend project at: C:\falcon
[2026-08-07 01:16:32] [INFO] Searching for Flutter project...
[2026-08-07 01:16:32] [SUCCESS] Found exactly one Flutter project at: C:\falcon
[2026-08-07 01:16:32] [INFO] Discovering Python environment...
[2026-08-07 01:16:32] [INFO] Verifying Python dependencies...
[2026-08-07 01:16:33] [SUCCESS] Dependencies verified successfully.
[2026-08-07 01:16:33] [INFO] Verifying Flutter SDK...
[2026-08-07 01:16:35] [SUCCESS] Flutter found: Flutter 3.44.8 G求 channel stable G求 https://github.com/flutter/flutter.git
[2026-08-07 01:16:35] [STARTUP] 
--- Falcon Startup Diagnostics ---
Project Root:          C:\falcon
Detected Backend Path: C:\falcon
Detected Flutter Path: C:\falcon
Selected Python:       python
Python Version:        Python 3.11.4
Environment Type:      System Python
Backend URL:           http://127.0.0.1:8000
Health Endpoint:       http://127.0.0.1:8000/api/v1/health
----------------------------------
[2026-08-07 01:16:35] [INFO] Starting FastAPI backend...
[2026-08-07 01:16:35] [SUCCESS] Backend process started (PID: 18772).
[2026-08-07 01:16:35] [INFO] Waiting for backend health (http://127.0.0.1:8000/api/v1/health)...
[2026-08-07 01:16:35] [INFO] Health Check Attempt 1...
[2026-08-07 01:16:37] [WARN] Health Check Failed: The operation has timed out.
[2026-08-07 01:16:39] [INFO] Health Check Attempt 2...
[2026-08-07 01:16:39] [SUCCESS] Health Check Successful. Backend Ready.
[2026-08-07 01:16:39] [INFO] Launching Flutter Windows application...
[2026-08-07 01:16:39] [SUCCESS] Flutter application launched (PID: 28056).
[2026-08-07 01:16:39] [INFO] Entering process supervisor mode...
[2026-08-07 01:17:29] [INFO] Flutter application closed.
[2026-08-07 01:17:29] [INFO] Stopping backend process...
[2026-08-07 01:17:29] [SUCCESS] Falcon Launcher exiting cleanly.
[2026-08-07 01:17:36] [STARTUP] Starting Falcon AI Launcher in Development mode...
[2026-08-07 01:17:36] [INFO] Searching for Backend project...
[2026-08-07 01:17:36] [SUCCESS] Found Backend project at: C:\falcon
[2026-08-07 01:17:36] [INFO] Searching for Flutter project...
[2026-08-07 01:17:36] [SUCCESS] Found exactly one Flutter project at: C:\falcon
[2026-08-07 01:17:36] [INFO] Discovering Python environment...
[2026-08-07 01:17:36] [INFO] Verifying Python dependencies...
[2026-08-07 01:17:37] [SUCCESS] Dependencies verified successfully.
[2026-08-07 01:17:37] [INFO] Verifying Flutter SDK...
[2026-08-07 01:17:38] [SUCCESS] Flutter found: Flutter 3.44.8 G求 channel stable G求 https://github.com/flutter/flutter.git
[2026-08-07 01:17:38] [STARTUP] 
--- Falcon Startup Diagnostics ---
Project Root:          C:\falcon
Detected Backend Path: C:\falcon
Detected Flutter Path: C:\falcon
Selected Python:       python
Python Version:        Python 3.11.4
Environment Type:      System Python
Backend URL:           http://127.0.0.1:8000
Health Endpoint:       http://127.0.0.1:8000/api/v1/health
----------------------------------
[2026-08-07 01:17:38] [INFO] Starting FastAPI backend...
[2026-08-07 01:17:38] [SUCCESS] Backend process started (PID: 25272).
[2026-08-07 01:17:38] [INFO] Waiting for backend health (http://127.0.0.1:8000/api/v1/health)...
[2026-08-07 01:17:38] [INFO] Health Check Attempt 1...
[2026-08-07 01:17:40] [SUCCESS] Health Check Successful. Backend Ready.
[2026-08-07 01:17:40] [INFO] Launching Flutter Windows application...
[2026-08-07 01:17:40] [SUCCESS] Flutter application launched (PID: 27036).
[2026-08-07 01:17:40] [INFO] Entering process supervisor mode...
[2026-08-07 01:18:22] [INFO] Flutter application closed.
[2026-08-07 01:18:22] [INFO] Stopping backend process...
[2026-08-07 01:18:22] [SUCCESS] Falcon Launcher exiting cleanly.
[2026-08-07 01:18:29] [STARTUP] Starting Falcon AI Launcher in Development mode...
[2026-08-07 01:18:29] [INFO] Searching for Backend project...
[2026-08-07 01:18:29] [SUCCESS] Found Backend project at: C:\falcon
[2026-08-07 01:18:29] [INFO] Searching for Flutter project...
[2026-08-07 01:18:29] [SUCCESS] Found exactly one Flutter project at: C:\falcon
[2026-08-07 01:18:29] [INFO] Discovering Python environment...
[2026-08-07 01:18:29] [INFO] Verifying Python dependencies...
[2026-08-07 01:18:30] [SUCCESS] Dependencies verified successfully.
[2026-08-07 01:18:30] [INFO] Verifying Flutter SDK...
[2026-08-07 01:18:32] [SUCCESS] Flutter found: Flutter 3.44.8 G求 channel stable G求 https://github.com/flutter/flutter.git
[2026-08-07 01:18:32] [STARTUP] 
--- Falcon Startup Diagnostics ---
Project Root:          C:\falcon
Detected Backend Path: C:\falcon
Detected Flutter Path: C:\falcon
Selected Python:       python
Python Version:        Python 3.11.4
Environment Type:      System Python
Backend URL:           http://127.0.0.1:8000
Health Endpoint:       http://127.0.0.1:8000/api/v1/health
----------------------------------
[2026-08-07 01:18:32] [INFO] Starting FastAPI backend...
[2026-08-07 01:18:32] [SUCCESS] Backend process started (PID: 27600).
[2026-08-07 01:18:32] [INFO] Waiting for backend health (http://127.0.0.1:8000/api/v1/health)...
[2026-08-07 01:18:32] [INFO] Health Check Attempt 1...
[2026-08-07 01:18:33] [SUCCESS] Health Check Successful. Backend Ready.
[2026-08-07 01:18:33] [INFO] Launching Flutter Windows application...
[2026-08-07 01:18:33] [SUCCESS] Flutter application launched (PID: 29880).
[2026-08-07 01:18:33] [INFO] Entering process supervisor mode...
[2026-08-07 01:19:16] [INFO] Flutter application closed.
[2026-08-07 01:19:16] [INFO] Stopping backend process...
[2026-08-07 01:19:16] [SUCCESS] Falcon Launcher exiting cleanly.
[2026-08-07 01:19:20] [STARTUP] Starting Falcon AI Launcher in Development mode...
[2026-08-07 01:19:20] [INFO] Searching for Backend project...
[2026-08-07 01:19:20] [SUCCESS] Found Backend project at: C:\falcon
[2026-08-07 01:19:20] [INFO] Searching for Flutter project...
[2026-08-07 01:19:21] [SUCCESS] Found exactly one Flutter project at: C:\falcon
[2026-08-07 01:19:21] [INFO] Discovering Python environment...
[2026-08-07 01:19:21] [INFO] Verifying Python dependencies...
[2026-08-07 01:19:21] [SUCCESS] Dependencies verified successfully.
[2026-08-07 01:19:21] [INFO] Verifying Flutter SDK...
[2026-08-07 01:19:23] [SUCCESS] Flutter found: Flutter 3.44.8 G求 channel stable G求 https://github.com/flutter/flutter.git
[2026-08-07 01:19:23] [STARTUP] 
--- Falcon Startup Diagnostics ---
Project Root:          C:\falcon
Detected Backend Path: C:\falcon
Detected Flutter Path: C:\falcon
Selected Python:       python
Python Version:        Python 3.11.4
Environment Type:      System Python
Backend URL:           http://127.0.0.1:8000
Health Endpoint:       http://127.0.0.1:8000/api/v1/health
----------------------------------
[2026-08-07 01:19:23] [INFO] Starting FastAPI backend...
[2026-08-07 01:19:23] [SUCCESS] Backend process started (PID: 27208).
[2026-08-07 01:19:23] [INFO] Waiting for backend health (http://127.0.0.1:8000/api/v1/health)...
[2026-08-07 01:19:23] [INFO] Health Check Attempt 1...
[2026-08-07 01:19:25] [SUCCESS] Health Check Successful. Backend Ready.
[2026-08-07 01:19:25] [INFO] Launching Flutter Windows application...
[2026-08-07 01:19:25] [SUCCESS] Flutter application launched (PID: 29364).
[2026-08-07 01:19:25] [INFO] Entering process supervisor mode...
[2026-08-07 01:19:53] [INFO] Flutter application closed.
[2026-08-07 01:19:53] [INFO] Stopping backend process...
[2026-08-07 01:19:53] [SUCCESS] Falcon Launcher exiting cleanly.
[2026-08-07 01:20:23] [STARTUP] Starting Falcon AI Launcher in Development mode...
[2026-08-07 01:20:23] [INFO] Searching for Backend project...
[2026-08-07 01:20:23] [SUCCESS] Found Backend project at: C:\falcon
[2026-08-07 01:20:23] [INFO] Searching for Flutter project...
[2026-08-07 01:20:23] [SUCCESS] Found exactly one Flutter project at: C:\falcon
[2026-08-07 01:20:23] [INFO] Discovering Python environment...
[2026-08-07 01:20:23] [INFO] Verifying Python dependencies...
[2026-08-07 01:20:24] [SUCCESS] Dependencies verified successfully.
[2026-08-07 01:20:24] [INFO] Verifying Flutter SDK...
[2026-08-07 01:20:26] [SUCCESS] Flutter found: Flutter 3.44.8 G求 channel stable G求 https://github.com/flutter/flutter.git
[2026-08-07 01:20:26] [STARTUP] 
--- Falcon Startup Diagnostics ---
Project Root:          C:\falcon
Detected Backend Path: C:\falcon
Detected Flutter Path: C:\falcon
Selected Python:       python
Python Version:        Python 3.11.4
Environment Type:      System Python
Backend URL:           http://127.0.0.1:8000
Health Endpoint:       http://127.0.0.1:8000/api/v1/health
----------------------------------
[2026-08-07 01:20:26] [INFO] Starting FastAPI backend...
[2026-08-07 01:20:26] [SUCCESS] Backend process started (PID: 29228).
[2026-08-07 01:20:26] [INFO] Waiting for backend health (http://127.0.0.1:8000/api/v1/health)...
[2026-08-07 01:20:26] [INFO] Health Check Attempt 1...
[2026-08-07 01:20:28] [WARN] Health Check Failed: The operation has timed out.
[2026-08-07 01:20:30] [INFO] Health Check Attempt 2...
[2026-08-07 01:20:30] [SUCCESS] Health Check Successful. Backend Ready.
[2026-08-07 01:20:30] [INFO] Launching Flutter Windows application...
[2026-08-07 01:20:30] [SUCCESS] Flutter application launched (PID: 12892).
[2026-08-07 01:20:30] [INFO] Entering process supervisor mode...
[2026-08-07 01:21:21] [INFO] Flutter application closed.
[2026-08-07 01:21:21] [INFO] Stopping backend process...
[2026-08-07 01:21:21] [SUCCESS] Falcon Launcher exiting cleanly.
[2026-08-07 01:31:58] [STARTUP] Starting Falcon AI Launcher in Development mode...
[2026-08-07 01:31:58] [INFO] Searching for Backend project...
[2026-08-07 01:31:58] [SUCCESS] Found Backend project at: C:\falcon
[2026-08-07 01:31:58] [INFO] Searching for Flutter project...
[2026-08-07 01:31:58] [SUCCESS] Found exactly one Flutter project at: C:\falcon
[2026-08-07 01:31:58] [INFO] Discovering Python environment...
[2026-08-07 01:31:58] [INFO] Verifying Python dependencies...
[2026-08-07 01:31:59] [SUCCESS] Dependencies verified successfully.
[2026-08-07 01:31:59] [INFO] Verifying Flutter SDK...
[2026-08-07 01:32:00] [SUCCESS] Flutter found: Flutter 3.44.8 G求 channel stable G求 https://github.com/flutter/flutter.git
[2026-08-07 01:32:00] [STARTUP] 
--- Falcon Startup Diagnostics ---
Project Root:          C:\falcon
Detected Backend Path: C:\falcon
Detected Flutter Path: C:\falcon
Selected Python:       python
Python Version:        Python 3.11.4
Environment Type:      System Python
Backend URL:           http://127.0.0.1:8000
Health Endpoint:       http://127.0.0.1:8000/api/v1/health
----------------------------------
[2026-08-07 01:32:00] [INFO] Starting FastAPI backend...
[2026-08-07 01:32:01] [SUCCESS] Backend process started (PID: 28512).
[2026-08-07 01:32:01] [INFO] Waiting for backend health (http://127.0.0.1:8000/api/v1/health)...
[2026-08-07 01:32:01] [INFO] Health Check Attempt 1...
[2026-08-07 01:32:02] [SUCCESS] Health Check Successful. Backend Ready.
[2026-08-07 01:32:02] [INFO] Launching Flutter Windows application...
[2026-08-07 01:32:02] [SUCCESS] Flutter application launched (PID: 30636).
[2026-08-07 01:32:02] [INFO] Entering process supervisor mode...
[2026-08-07 01:34:43] [INFO] Flutter application closed.
[2026-08-07 01:34:43] [FAILURE] Flutter application crashed.

Last Flutter Logs:
Stream error: HttpException: Connection closed while receiving data, uri = http://localhost:8000/api/v1/chat/stream
[Native TTS] Segment finished with exit code 0
[VoiceController] STATUS: SPEAKING
[Native TTS] Segment finished with exit code 0
[VoiceController] STATUS: SPEAKING
[STT Service] Recognized Speech: Ortiz and mob
[Native TTS] Segment finished with exit code 0
[VoiceController] Speech finished. Current mode: VoiceMode.speaking
[VoiceController] STATUS: LISTENING (10s command & follow-up window active)
Lost connection to device.
[2026-08-07 01:34:43] [RECOVERY] Check flutter logs for details:
C:\falcon\logs\flutter.log
[2026-08-07 14:42:19] [STARTUP] Starting Falcon AI Launcher in Development mode...
[2026-08-07 14:42:19] [INFO] Searching for Backend project...
[2026-08-07 14:42:19] [SUCCESS] Found Backend project at: C:\falcon
[2026-08-07 14:42:19] [INFO] Searching for Flutter project...
[2026-08-07 14:42:19] [SUCCESS] Found exactly one Flutter project at: C:\falcon
[2026-08-07 14:42:19] [INFO] Discovering Python environment...
[2026-08-07 14:42:19] [INFO] Verifying Python dependencies...
[2026-08-07 14:42:20] [SUCCESS] Dependencies verified successfully.
[2026-08-07 14:42:20] [INFO] Verifying Flutter SDK...
[2026-08-07 14:42:22] [SUCCESS] Flutter found: Flutter 3.44.8 G求 channel stable G求 https://github.com/flutter/flutter.git
[2026-08-07 14:42:22] [STARTUP] 
--- Falcon Startup Diagnostics ---
Project Root:          C:\falcon
Detected Backend Path: C:\falcon
Detected Flutter Path: C:\falcon
Selected Python:       python
Python Version:        Python 3.11.4
Environment Type:      System Python
Backend URL:           http://127.0.0.1:8000
Health Endpoint:       http://127.0.0.1:8000/api/v1/health
----------------------------------
[2026-08-07 14:42:22] [INFO] Starting FastAPI backend...
[2026-08-07 14:42:22] [SUCCESS] Backend process started (PID: 31428).
[2026-08-07 14:42:22] [INFO] Waiting for backend health (http://127.0.0.1:8000/api/v1/health)...
[2026-08-07 14:42:22] [INFO] Health Check Attempt 1...
[2026-08-07 14:42:25] [WARN] Health Check Failed: The operation has timed out.
[2026-08-07 14:42:27] [INFO] Health Check Attempt 2...
[2026-08-07 14:42:27] [SUCCESS] Health Check Successful. Backend Ready.
[2026-08-07 14:42:27] [INFO] Launching Flutter Windows application...
[2026-08-07 14:42:27] [SUCCESS] Flutter application launched (PID: 27044).
[2026-08-07 14:42:27] [INFO] Entering process supervisor mode...
[2026-08-07 14:43:21] [INFO] Flutter application closed.
[2026-08-07 14:43:21] [FAILURE] Flutter application crashed.

Last Flutter Logs:

RuntimeError: Library cublas64_12.dll is not found or cannot be loaded


[Native TTS] Segment finished with exit code 0
[VoiceController] Speech finished. Current mode: VoiceMode.greeting
[VoiceController] STATUS: LISTENING (10s command & follow-up window active)
[VoiceController] STATUS: RETURNING TO SLEEP
[VoiceController] STATUS: WAKE WORD DETECTION (Monitoring for 'Falcon')
Lost connection to device.
[2026-08-07 14:43:21] [RECOVERY] Check flutter logs for details:
C:\falcon\logs\flutter.log
[2026-08-07 14:54:02] [STARTUP] Starting Falcon AI Launcher in Development mode...
[2026-08-07 14:54:02] [INFO] Searching for Backend project...
[2026-08-07 14:54:02] [SUCCESS] Found Backend project at: C:\falcon
[2026-08-07 14:54:02] [INFO] Searching for Flutter project...
[2026-08-07 14:54:02] [SUCCESS] Found exactly one Flutter project at: C:\falcon
[2026-08-07 14:54:02] [INFO] Discovering Python environment...
[2026-08-07 14:54:02] [INFO] Verifying Python dependencies...
[2026-08-07 14:54:04] [SUCCESS] Dependencies verified successfully.
[2026-08-07 14:54:04] [INFO] Verifying Flutter SDK...
[2026-08-07 14:54:06] [SUCCESS] Flutter found: Flutter 3.44.8 G求 channel stable G求 https://github.com/flutter/flutter.git
[2026-08-07 14:54:06] [STARTUP] 
--- Falcon Startup Diagnostics ---
Project Root:          C:\falcon
Detected Backend Path: C:\falcon
Detected Flutter Path: C:\falcon
Selected Python:       python
Python Version:        Python 3.11.4
Environment Type:      System Python
Backend URL:           http://127.0.0.1:8000
Health Endpoint:       http://127.0.0.1:8000/api/v1/health
----------------------------------
[2026-08-07 14:54:06] [INFO] Starting FastAPI backend...
[2026-08-07 14:54:06] [SUCCESS] Backend process started (PID: 14136).
[2026-08-07 14:54:07] [INFO] Waiting for backend health (http://127.0.0.1:8000/api/v1/health)...
[2026-08-07 14:54:07] [INFO] Health Check Attempt 1...
[2026-08-07 14:54:09] [WARN] Health Check Failed: The operation has timed out.
[2026-08-07 14:54:11] [INFO] Health Check Attempt 2...
[2026-08-07 14:54:11] [SUCCESS] Health Check Successful. Backend Ready.
[2026-08-07 14:54:11] [INFO] Launching Flutter Windows application...
[2026-08-07 14:54:11] [SUCCESS] Flutter application launched (PID: 14360).
[2026-08-07 14:54:11] [INFO] Entering process supervisor mode...
[2026-08-07 14:54:25] [INFO] Flutter application closed.
[2026-08-07 14:54:25] [FAILURE] Flutter application crashed.

Last Flutter Logs:
Launching lib\main.dart on Windows in debug mode...
Building Windows application...                                 
flutter : Nuget.exe not found, trying to download or use cached version.
At line:1 char:33
+ Set-Location -Path 'C:\falcon'; flutter run -d windows 2>&1 | Tee-Obj ...
+                                 ~~~~~~~~~~~~~~~~~~~~~~~~~~~
    + CategoryInfo          : NotSpecified: (Nuget.exe not f...cached version.:String) [], RemoteException
    + FullyQualifiedErrorId : NativeCommandError
 
^C
[2026-08-07 14:54:25] [RECOVERY] Check flutter logs for details:
C:\falcon\logs\flutter.log
[2026-08-07 14:56:41] [STARTUP] Starting Falcon AI Launcher in Development mode...
[2026-08-07 14:56:41] [INFO] Searching for Backend project...
[2026-08-07 14:56:41] [SUCCESS] Found Backend project at: C:\falcon
[2026-08-07 14:56:41] [INFO] Searching for Flutter project...
[2026-08-07 14:56:41] [SUCCESS] Found exactly one Flutter project at: C:\falcon
[2026-08-07 14:56:41] [INFO] Discovering Python environment...
[2026-08-07 14:56:41] [INFO] Verifying Python dependencies...
[2026-08-07 14:56:42] [SUCCESS] Dependencies verified successfully.
[2026-08-07 14:56:42] [INFO] Verifying Flutter SDK...
[2026-08-07 14:56:44] [SUCCESS] Flutter found: Flutter 3.44.8 G求 channel stable G求 https://github.com/flutter/flutter.git
[2026-08-07 14:56:44] [STARTUP] 
--- Falcon Startup Diagnostics ---
Project Root:          C:\falcon
Detected Backend Path: C:\falcon
Detected Flutter Path: C:\falcon
Selected Python:       python
Python Version:        Python 3.11.4
Environment Type:      System Python
Backend URL:           http://127.0.0.1:8000
Health Endpoint:       http://127.0.0.1:8000/api/v1/health
----------------------------------
[2026-08-07 14:56:44] [INFO] Starting FastAPI backend...
[2026-08-07 14:56:44] [SUCCESS] Backend process started (PID: 13080).
[2026-08-07 14:56:44] [INFO] Waiting for backend health (http://127.0.0.1:8000/api/v1/health)...
[2026-08-07 14:56:44] [INFO] Health Check Attempt 1...
[2026-08-07 14:56:45] [SUCCESS] Health Check Successful. Backend Ready.
[2026-08-07 14:56:45] [INFO] Launching Flutter Windows application...
[2026-08-07 14:56:46] [SUCCESS] Flutter application launched (PID: 10708).
[2026-08-07 14:56:46] [INFO] Entering process supervisor mode...
[2026-08-07 14:57:44] [INFO] Flutter application closed.
[2026-08-07 14:57:44] [INFO] Stopping backend process...
[2026-08-07 14:57:44] [SUCCESS] Falcon Launcher exiting cleanly.
[2026-08-07 14:58:11] [STARTUP] Starting Falcon AI Launcher in Development mode...
[2026-08-07 14:58:11] [INFO] Searching for Backend project...
[2026-08-07 14:58:11] [SUCCESS] Found Backend project at: C:\falcon
[2026-08-07 14:58:11] [INFO] Searching for Flutter project...
[2026-08-07 14:58:11] [SUCCESS] Found exactly one Flutter project at: C:\falcon
[2026-08-07 14:58:11] [INFO] Discovering Python environment...
[2026-08-07 14:58:11] [INFO] Verifying Python dependencies...
[2026-08-07 14:58:12] [SUCCESS] Dependencies verified successfully.
[2026-08-07 14:58:12] [INFO] Verifying Flutter SDK...
[2026-08-07 14:58:14] [SUCCESS] Flutter found: Flutter 3.44.8 G求 channel stable G求 https://github.com/flutter/flutter.git
[2026-08-07 14:58:14] [STARTUP] 
--- Falcon Startup Diagnostics ---
Project Root:          C:\falcon
Detected Backend Path: C:\falcon
Detected Flutter Path: C:\falcon
Selected Python:       python
Python Version:        Python 3.11.4
Environment Type:      System Python
Backend URL:           http://127.0.0.1:8000
Health Endpoint:       http://127.0.0.1:8000/api/v1/health
----------------------------------
[2026-08-07 14:58:14] [INFO] Starting FastAPI backend...
[2026-08-07 14:58:14] [SUCCESS] Backend process started (PID: 21616).
[2026-08-07 14:58:14] [INFO] Waiting for backend health (http://127.0.0.1:8000/api/v1/health)...
[2026-08-07 14:58:14] [INFO] Health Check Attempt 1...
[2026-08-07 14:58:16] [WARN] Health Check Failed: The operation has timed out.
[2026-08-07 14:58:18] [INFO] Health Check Attempt 2...
[2026-08-07 14:58:18] [SUCCESS] Health Check Successful. Backend Ready.
[2026-08-07 14:58:18] [INFO] Launching Flutter Windows application...
[2026-08-07 14:58:18] [SUCCESS] Flutter application launched (PID: 25004).
[2026-08-07 14:58:18] [INFO] Entering process supervisor mode...
[2026-08-07 14:58:34] [INFO] Flutter application closed.
[2026-08-07 14:58:34] [FAILURE] Flutter application crashed.

Last Flutter Logs:
Launching lib\main.dart on Windows in debug mode...
Building Windows application...                                 
flutter : Nuget.exe not found, trying to download or use cached version.
At line:1 char:33
+ Set-Location -Path 'C:\falcon'; flutter run -d windows 2>&1 | Tee-Obj ...
+                                 ~~~~~~~~~~~~~~~~~~~~~~~~~~~
    + CategoryInfo          : NotSpecified: (Nuget.exe not f...cached version.:String) [], RemoteException
    + FullyQualifiedErrorId : NativeCommandError
 
^C
[2026-08-07 14:58:34] [RECOVERY] Check flutter logs for details:
C:\falcon\logs\flutter.log
[2026-08-07 15:31:53] [STARTUP] Starting Falcon AI Launcher in Development mode...
[2026-08-07 15:31:53] [INFO] Searching for Backend project...
[2026-08-07 15:31:53] [SUCCESS] Found Backend project at: C:\falcon
[2026-08-07 15:31:53] [INFO] Searching for Flutter project...
[2026-08-07 15:31:53] [SUCCESS] Found exactly one Flutter project at: C:\falcon
[2026-08-07 15:31:53] [INFO] Discovering Python environment...
[2026-08-07 15:31:53] [INFO] Verifying Python dependencies...
[2026-08-07 15:31:54] [SUCCESS] Dependencies verified successfully.
[2026-08-07 15:31:54] [INFO] Verifying Flutter SDK...
[2026-08-07 15:31:56] [SUCCESS] Flutter found: Flutter 3.44.8 G求 channel stable G求 https://github.com/flutter/flutter.git
[2026-08-07 15:31:56] [STARTUP] 
--- Falcon Startup Diagnostics ---
Project Root:          C:\falcon
Detected Backend Path: C:\falcon
Detected Flutter Path: C:\falcon
Selected Python:       python
Python Version:        Python 3.11.4
Environment Type:      System Python
Backend URL:           http://127.0.0.1:8000
Health Endpoint:       http://127.0.0.1:8000/api/v1/health
----------------------------------
[2026-08-07 15:31:56] [INFO] Starting FastAPI backend...
[2026-08-07 15:31:56] [SUCCESS] Backend process started (PID: 28788).
[2026-08-07 15:31:56] [INFO] Waiting for backend health (http://127.0.0.1:8000/api/v1/health)...
[2026-08-07 15:31:56] [INFO] Health Check Attempt 1...
[2026-08-07 15:31:58] [WARN] Health Check Failed: The operation has timed out.
[2026-08-07 15:32:00] [INFO] Health Check Attempt 2...
[2026-08-07 15:32:00] [SUCCESS] Health Check Successful. Backend Ready.
[2026-08-07 15:32:00] [INFO] Launching Flutter Windows application...
[2026-08-07 15:32:00] [SUCCESS] Flutter application launched (PID: 25864).
[2026-08-07 15:32:00] [INFO] Entering process supervisor mode...
[2026-08-07 15:37:14] [INFO] Flutter application closed.
[2026-08-07 15:37:14] [INFO] Stopping backend process...
[2026-08-07 15:37:14] [SUCCESS] Falcon Launcher exiting cleanly.
[2026-08-07 15:43:49] [STARTUP] Starting Falcon AI Launcher in Development mode...
[2026-08-07 15:43:49] [INFO] Searching for Backend project...
[2026-08-07 15:43:49] [SUCCESS] Found Backend project at: C:\falcon
[2026-08-07 15:43:49] [INFO] Searching for Flutter project...
[2026-08-07 15:43:49] [SUCCESS] Found exactly one Flutter project at: C:\falcon
[2026-08-07 15:43:49] [INFO] Discovering Python environment...
[2026-08-07 15:43:49] [INFO] Verifying Python dependencies...
[2026-08-07 15:43:50] [SUCCESS] Dependencies verified successfully.
[2026-08-07 15:43:50] [INFO] Verifying Flutter SDK...
[2026-08-07 15:43:52] [SUCCESS] Flutter found: Flutter 3.44.8 G求 channel stable G求 https://github.com/flutter/flutter.git
[2026-08-07 15:43:52] [STARTUP] 
--- Falcon Startup Diagnostics ---
Project Root:          C:\falcon
Detected Backend Path: C:\falcon
Detected Flutter Path: C:\falcon
Selected Python:       python
Python Version:        Python 3.11.4
Environment Type:      System Python
Backend URL:           http://127.0.0.1:8000
Health Endpoint:       http://127.0.0.1:8000/api/v1/health
----------------------------------
[2026-08-07 15:43:52] [INFO] Starting FastAPI backend...
[2026-08-07 15:43:52] [SUCCESS] Backend process started (PID: 27300).
[2026-08-07 15:43:52] [INFO] Waiting for backend health (http://127.0.0.1:8000/api/v1/health)...
[2026-08-07 15:43:52] [INFO] Health Check Attempt 1...
[2026-08-07 15:43:54] [WARN] Health Check Failed: The operation has timed out.
[2026-08-07 15:43:56] [INFO] Health Check Attempt 2...
[2026-08-07 15:43:56] [SUCCESS] Health Check Successful. Backend Ready.
[2026-08-07 15:43:56] [INFO] Launching Flutter Windows application...
[2026-08-07 15:43:56] [SUCCESS] Flutter application launched (PID: 21552).
[2026-08-07 15:43:56] [INFO] Entering process supervisor mode...
[2026-08-07 15:51:02] [INFO] Flutter application closed.
[2026-08-07 15:51:02] [INFO] Stopping backend process...
[2026-08-07 15:51:02] [SUCCESS] Falcon Launcher exiting cleanly.
[2026-08-07 15:56:55] [STARTUP] Starting Falcon AI Launcher in Development mode...
[2026-08-07 15:56:56] [INFO] Searching for Backend project...
[2026-08-07 15:56:56] [SUCCESS] Found Backend project at: C:\falcon
[2026-08-07 15:56:56] [INFO] Searching for Flutter project...
[2026-08-07 15:56:56] [SUCCESS] Found exactly one Flutter project at: C:\falcon
[2026-08-07 15:56:56] [INFO] Discovering Python environment...
[2026-08-07 15:56:56] [INFO] Verifying Python dependencies...
[2026-08-07 15:56:57] [SUCCESS] Dependencies verified successfully.
[2026-08-07 15:56:57] [INFO] Verifying Flutter SDK...
[2026-08-07 15:56:59] [SUCCESS] Flutter found: Flutter 3.44.8 G求 channel stable G求 https://github.com/flutter/flutter.git
[2026-08-07 15:56:59] [STARTUP] 
--- Falcon Startup Diagnostics ---
Project Root:          C:\falcon
Detected Backend Path: C:\falcon
Detected Flutter Path: C:\falcon
Selected Python:       python
Python Version:        Python 3.11.4
Environment Type:      System Python
Backend URL:           http://127.0.0.1:8000
Health Endpoint:       http://127.0.0.1:8000/api/v1/health
----------------------------------
[2026-08-07 15:56:59] [INFO] Starting FastAPI backend...
[2026-08-07 15:56:59] [SUCCESS] Backend process started (PID: 3068).
[2026-08-07 15:56:59] [INFO] Waiting for backend health (http://127.0.0.1:8000/api/v1/health)...
[2026-08-07 15:56:59] [INFO] Health Check Attempt 1...
[2026-08-07 15:57:01] [WARN] Health Check Failed: The operation has timed out.
[2026-08-07 15:57:03] [INFO] Health Check Attempt 2...
[2026-08-07 15:57:03] [SUCCESS] Health Check Successful. Backend Ready.
[2026-08-07 15:57:03] [INFO] Launching Flutter Windows application...
[2026-08-07 15:57:03] [SUCCESS] Flutter application launched (PID: 6992).
[2026-08-07 15:57:03] [INFO] Entering process supervisor mode...
[2026-08-07 16:00:36] [INFO] Flutter application closed.
[2026-08-07 16:00:37] [INFO] Stopping backend process...
[2026-08-07 16:00:37] [SUCCESS] Falcon Launcher exiting cleanly.
[2026-08-07 16:04:51] [STARTUP] Starting Falcon AI Launcher in Development mode...
[2026-08-07 16:04:51] [INFO] Searching for Backend project...
[2026-08-07 16:04:51] [SUCCESS] Found Backend project at: C:\falcon
[2026-08-07 16:04:51] [INFO] Searching for Flutter project...
[2026-08-07 16:04:51] [SUCCESS] Found exactly one Flutter project at: C:\falcon
[2026-08-07 16:04:51] [INFO] Discovering Python environment...
[2026-08-07 16:04:51] [INFO] Verifying Python dependencies...
[2026-08-07 16:04:52] [SUCCESS] Dependencies verified successfully.
[2026-08-07 16:04:52] [INFO] Verifying Flutter SDK...
[2026-08-07 16:04:54] [SUCCESS] Flutter found: Flutter 3.44.8 G求 channel stable G求 https://github.com/flutter/flutter.git
[2026-08-07 16:04:54] [STARTUP] 
--- Falcon Startup Diagnostics ---
Project Root:          C:\falcon
Detected Backend Path: C:\falcon
Detected Flutter Path: C:\falcon
Selected Python:       python
Python Version:        Python 3.11.4
Environment Type:      System Python
Backend URL:           http://127.0.0.1:8000
Health Endpoint:       http://127.0.0.1:8000/api/v1/health
----------------------------------
[2026-08-07 16:04:54] [INFO] Starting FastAPI backend...
[2026-08-07 16:04:54] [SUCCESS] Backend process started (PID: 28244).
[2026-08-07 16:04:54] [INFO] Waiting for backend health (http://127.0.0.1:8000/api/v1/health)...
[2026-08-07 16:04:54] [INFO] Health Check Attempt 1...
[2026-08-07 16:04:56] [WARN] Health Check Failed: The operation has timed out.
[2026-08-07 16:04:58] [INFO] Health Check Attempt 2...
[2026-08-07 16:04:58] [SUCCESS] Health Check Successful. Backend Ready.
[2026-08-07 16:04:58] [INFO] Launching Flutter Windows application...
[2026-08-07 16:04:59] [SUCCESS] Flutter application launched (PID: 18660).
[2026-08-07 16:04:59] [INFO] Entering process supervisor mode...
[2026-08-07 16:05:31] [INFO] Flutter application closed.
[2026-08-07 16:05:31] [INFO] Stopping backend process...
[2026-08-07 16:05:31] [SUCCESS] Falcon Launcher exiting cleanly.
[2026-08-07 16:05:35] [STARTUP] Starting Falcon AI Launcher in Development mode...
[2026-08-07 16:05:35] [INFO] Searching for Backend project...
[2026-08-07 16:05:35] [SUCCESS] Found Backend project at: C:\falcon
[2026-08-07 16:05:35] [INFO] Searching for Flutter project...
[2026-08-07 16:05:35] [SUCCESS] Found exactly one Flutter project at: C:\falcon
[2026-08-07 16:05:35] [INFO] Discovering Python environment...
[2026-08-07 16:05:35] [INFO] Verifying Python dependencies...
[2026-08-07 16:05:36] [SUCCESS] Dependencies verified successfully.
[2026-08-07 16:05:36] [INFO] Verifying Flutter SDK...
[2026-08-07 16:05:38] [SUCCESS] Flutter found: Flutter 3.44.8 G求 channel stable G求 https://github.com/flutter/flutter.git
[2026-08-07 16:05:38] [STARTUP] 
--- Falcon Startup Diagnostics ---
Project Root:          C:\falcon
Detected Backend Path: C:\falcon
Detected Flutter Path: C:\falcon
Selected Python:       python
Python Version:        Python 3.11.4
Environment Type:      System Python
Backend URL:           http://127.0.0.1:8000
Health Endpoint:       http://127.0.0.1:8000/api/v1/health
----------------------------------
[2026-08-07 16:05:38] [INFO] Starting FastAPI backend...
[2026-08-07 16:05:38] [SUCCESS] Backend process started (PID: 22232).
[2026-08-07 16:05:38] [INFO] Waiting for backend health (http://127.0.0.1:8000/api/v1/health)...
[2026-08-07 16:05:38] [INFO] Health Check Attempt 1...
[2026-08-07 16:05:40] [WARN] Health Check Failed: The operation has timed out.
[2026-08-07 16:05:42] [INFO] Health Check Attempt 2...
[2026-08-07 16:05:42] [SUCCESS] Health Check Successful. Backend Ready.
[2026-08-07 16:05:42] [INFO] Launching Flutter Windows application...
[2026-08-07 16:05:42] [SUCCESS] Flutter application launched (PID: 15352).
[2026-08-07 16:05:42] [INFO] Entering process supervisor mode...
[2026-08-07 16:12:34] [INFO] Flutter application closed.
[2026-08-07 16:12:34] [INFO] Stopping backend process...
[2026-08-07 16:12:34] [SUCCESS] Falcon Launcher exiting cleanly.
[2026-08-07 16:14:15] [STARTUP] Starting Falcon AI Launcher in Development mode...
[2026-08-07 16:14:15] [INFO] Searching for Backend project...
[2026-08-07 16:14:15] [SUCCESS] Found Backend project at: C:\falcon
[2026-08-07 16:14:15] [INFO] Searching for Flutter project...
[2026-08-07 16:14:15] [SUCCESS] Found exactly one Flutter project at: C:\falcon
[2026-08-07 16:14:15] [INFO] Discovering Python environment...
[2026-08-07 16:14:15] [INFO] Verifying Python dependencies...
[2026-08-07 16:14:17] [SUCCESS] Dependencies verified successfully.
[2026-08-07 16:14:17] [INFO] Verifying Flutter SDK...
[2026-08-07 16:14:19] [SUCCESS] Flutter found: Flutter 3.44.8 G求 channel stable G求 https://github.com/flutter/flutter.git
[2026-08-07 16:14:19] [STARTUP] 
--- Falcon Startup Diagnostics ---
Project Root:          C:\falcon
Detected Backend Path: C:\falcon
Detected Flutter Path: C:\falcon
Selected Python:       python
Python Version:        Python 3.11.4
Environment Type:      System Python
Backend URL:           http://127.0.0.1:8000
Health Endpoint:       http://127.0.0.1:8000/api/v1/health
----------------------------------
[2026-08-07 16:14:19] [INFO] Starting FastAPI backend...
[2026-08-07 16:14:19] [SUCCESS] Backend process started (PID: 23304).
[2026-08-07 16:14:19] [INFO] Waiting for backend health (http://127.0.0.1:8000/api/v1/health)...
[2026-08-07 16:14:19] [INFO] Health Check Attempt 1...
[2026-08-07 16:14:20] [SUCCESS] Health Check Successful. Backend Ready.
[2026-08-07 16:14:20] [INFO] Launching Flutter Windows application...
[2026-08-07 16:14:20] [SUCCESS] Flutter application launched (PID: 4968).
[2026-08-07 16:14:20] [INFO] Entering process supervisor mode...
[2026-08-07 16:20:34] [INFO] Flutter application closed.
[2026-08-07 16:20:34] [INFO] Stopping backend process...
[2026-08-07 16:20:34] [SUCCESS] Falcon Launcher exiting cleanly.
[2026-08-07 16:24:40] [STARTUP] Starting Falcon AI Launcher in Development mode...
[2026-08-07 16:24:40] [INFO] Searching for Backend project...
[2026-08-07 16:24:40] [SUCCESS] Found Backend project at: C:\falcon
[2026-08-07 16:24:40] [INFO] Searching for Flutter project...
[2026-08-07 16:24:40] [SUCCESS] Found exactly one Flutter project at: C:\falcon
[2026-08-07 16:24:40] [INFO] Discovering Python environment...
[2026-08-07 16:24:40] [INFO] Verifying Python dependencies...
[2026-08-07 16:24:41] [SUCCESS] Dependencies verified successfully.
[2026-08-07 16:24:41] [INFO] Verifying Flutter SDK...
[2026-08-07 16:24:43] [SUCCESS] Flutter found: Flutter 3.44.8 G求 channel stable G求 https://github.com/flutter/flutter.git
[2026-08-07 16:24:43] [STARTUP] 
--- Falcon Startup Diagnostics ---
Project Root:          C:\falcon
Detected Backend Path: C:\falcon
Detected Flutter Path: C:\falcon
Selected Python:       python
Python Version:        Python 3.11.4
Environment Type:      System Python
Backend URL:           http://127.0.0.1:8000
Health Endpoint:       http://127.0.0.1:8000/api/v1/health
----------------------------------
[2026-08-07 16:24:43] [INFO] Starting FastAPI backend...
[2026-08-07 16:24:43] [SUCCESS] Backend process started (PID: 19408).
[2026-08-07 16:24:43] [INFO] Waiting for backend health (http://127.0.0.1:8000/api/v1/health)...
[2026-08-07 16:24:43] [INFO] Health Check Attempt 1...
[2026-08-07 16:24:45] [WARN] Health Check Failed: The operation has timed out.
[2026-08-07 16:24:47] [INFO] Health Check Attempt 2...
[2026-08-07 16:24:47] [SUCCESS] Health Check Successful. Backend Ready.
[2026-08-07 16:24:47] [INFO] Launching Flutter Windows application...
[2026-08-07 16:24:48] [SUCCESS] Flutter application launched (PID: 19360).
[2026-08-07 16:24:48] [INFO] Entering process supervisor mode...
[2026-08-07 16:32:42] [INFO] Flutter application closed.
[2026-08-07 16:32:42] [INFO] Stopping backend process...
[2026-08-07 16:32:42] [SUCCESS] Falcon Launcher exiting cleanly.
[2026-08-07 16:35:47] [STARTUP] Starting Falcon AI Launcher in Development mode...
[2026-08-07 16:35:47] [INFO] Searching for Backend project...
[2026-08-07 16:35:47] [SUCCESS] Found Backend project at: C:\falcon
[2026-08-07 16:35:47] [INFO] Searching for Flutter project...
[2026-08-07 16:35:47] [SUCCESS] Found exactly one Flutter project at: C:\falcon
[2026-08-07 16:35:47] [INFO] Discovering Python environment...
[2026-08-07 16:35:47] [INFO] Verifying Python dependencies...
[2026-08-07 16:35:48] [SUCCESS] Dependencies verified successfully.
[2026-08-07 16:35:48] [INFO] Verifying Flutter SDK...
[2026-08-07 16:35:50] [SUCCESS] Flutter found: Flutter 3.44.8 G求 channel stable G求 https://github.com/flutter/flutter.git
[2026-08-07 16:35:50] [STARTUP] 
--- Falcon Startup Diagnostics ---
Project Root:          C:\falcon
Detected Backend Path: C:\falcon
Detected Flutter Path: C:\falcon
Selected Python:       python
Python Version:        Python 3.11.4
Environment Type:      System Python
Backend URL:           http://127.0.0.1:8000
Health Endpoint:       http://127.0.0.1:8000/api/v1/health
----------------------------------
[2026-08-07 16:35:50] [INFO] Starting FastAPI backend...
[2026-08-07 16:35:50] [SUCCESS] Backend process started (PID: 2492).
[2026-08-07 16:35:50] [INFO] Waiting for backend health (http://127.0.0.1:8000/api/v1/health)...
[2026-08-07 16:35:50] [INFO] Health Check Attempt 1...
[2026-08-07 16:35:52] [WARN] Health Check Failed: The operation has timed out.
[2026-08-07 16:35:54] [INFO] Health Check Attempt 2...
[2026-08-07 16:35:54] [SUCCESS] Health Check Successful. Backend Ready.
[2026-08-07 16:35:54] [INFO] Launching Flutter Windows application...
[2026-08-07 16:35:54] [SUCCESS] Flutter application launched (PID: 22056).
[2026-08-07 16:35:54] [INFO] Entering process supervisor mode...
[2026-08-07 16:46:37] [INFO] Flutter application closed.
[2026-08-07 16:46:37] [INFO] Stopping backend process...
[2026-08-07 16:46:37] [SUCCESS] Falcon Launcher exiting cleanly.
[2026-08-07 17:16:57] [STARTUP] Starting Falcon AI Launcher in Development mode...
[2026-08-07 17:16:57] [INFO] Searching for Backend project...
[2026-08-07 17:16:57] [SUCCESS] Found Backend project at: C:\falcon
[2026-08-07 17:16:57] [INFO] Searching for Flutter project...
[2026-08-07 17:16:57] [SUCCESS] Found exactly one Flutter project at: C:\falcon
[2026-08-07 17:16:57] [INFO] Discovering Python environment...
[2026-08-07 17:16:57] [INFO] Verifying Python dependencies...
[2026-08-07 17:16:58] [SUCCESS] Dependencies verified successfully.
[2026-08-07 17:16:58] [INFO] Verifying Flutter SDK...
[2026-08-07 17:17:00] [SUCCESS] Flutter found: Flutter 3.44.8 G求 channel stable G求 https://github.com/flutter/flutter.git
[2026-08-07 17:17:01] [STARTUP] 
--- Falcon Startup Diagnostics ---
Project Root:          C:\falcon
Detected Backend Path: C:\falcon
Detected Flutter Path: C:\falcon
Selected Python:       python
Python Version:        Python 3.11.4
Environment Type:      System Python
Backend URL:           http://127.0.0.1:8000
Health Endpoint:       http://127.0.0.1:8000/api/v1/health
----------------------------------
[2026-08-07 17:17:01] [INFO] Starting FastAPI backend...
[2026-08-07 17:17:01] [SUCCESS] Backend process started (PID: 31676).
[2026-08-07 17:17:01] [INFO] Waiting for backend health (http://127.0.0.1:8000/api/v1/health)...
[2026-08-07 17:17:01] [INFO] Health Check Attempt 1...
[2026-08-07 17:17:02] [SUCCESS] Health Check Successful. Backend Ready.
[2026-08-07 17:17:02] [INFO] Launching Flutter Windows application...
[2026-08-07 17:17:02] [SUCCESS] Flutter application launched (PID: 5388).
[2026-08-07 17:17:02] [INFO] Entering process supervisor mode...
[2026-08-07 17:20:45] [INFO] Flutter application closed.
[2026-08-07 17:20:45] [INFO] Stopping backend process...
[2026-08-07 17:20:45] [SUCCESS] Falcon Launcher exiting cleanly.
[2026-08-07 17:26:46] [STARTUP] Starting Falcon AI Launcher in Development mode...
[2026-08-07 17:26:46] [INFO] Searching for Backend project...
[2026-08-07 17:26:46] [SUCCESS] Found Backend project at: C:\falcon
[2026-08-07 17:26:46] [INFO] Searching for Flutter project...
[2026-08-07 17:26:46] [SUCCESS] Found exactly one Flutter project at: C:\falcon
[2026-08-07 17:26:46] [INFO] Discovering Python environment...
[2026-08-07 17:26:46] [INFO] Verifying Python dependencies...
[2026-08-07 17:26:47] [SUCCESS] Dependencies verified successfully.
[2026-08-07 17:26:47] [INFO] Verifying Flutter SDK...
[2026-08-07 17:26:50] [SUCCESS] Flutter found: Flutter 3.44.8 G求 channel stable G求 https://github.com/flutter/flutter.git
[2026-08-07 17:26:50] [STARTUP] 
--- Falcon Startup Diagnostics ---
Project Root:          C:\falcon
Detected Backend Path: C:\falcon
Detected Flutter Path: C:\falcon
Selected Python:       python
Python Version:        Python 3.11.4
Environment Type:      System Python
Backend URL:           http://127.0.0.1:8000
Health Endpoint:       http://127.0.0.1:8000/api/v1/health
----------------------------------
[2026-08-07 17:26:50] [INFO] Starting FastAPI backend...
[2026-08-07 17:26:50] [SUCCESS] Backend process started (PID: 29800).
[2026-08-07 17:26:50] [INFO] Waiting for backend health (http://127.0.0.1:8000/api/v1/health)...
[2026-08-07 17:26:50] [INFO] Health Check Attempt 1...
[2026-08-07 17:26:52] [WARN] Health Check Failed: The operation has timed out.
[2026-08-07 17:26:54] [INFO] Health Check Attempt 2...
[2026-08-07 17:26:54] [SUCCESS] Health Check Successful. Backend Ready.
[2026-08-07 17:26:54] [INFO] Launching Flutter Windows application...
[2026-08-07 17:26:54] [SUCCESS] Flutter application launched (PID: 15616).
[2026-08-07 17:26:54] [INFO] Entering process supervisor mode...
[2026-08-07 17:30:31] [INFO] Flutter application closed.
[2026-08-07 17:30:31] [INFO] Stopping backend process...
[2026-08-07 17:30:31] [SUCCESS] Falcon Launcher exiting cleanly.
[2026-08-07 17:37:02] [STARTUP] Starting Falcon AI Launcher in Development mode...
[2026-08-07 17:37:02] [INFO] Searching for Backend project...
[2026-08-07 17:37:02] [SUCCESS] Found Backend project at: C:\falcon
[2026-08-07 17:37:02] [INFO] Searching for Flutter project...
[2026-08-07 17:37:02] [SUCCESS] Found exactly one Flutter project at: C:\falcon
[2026-08-07 17:37:02] [INFO] Discovering Python environment...
[2026-08-07 17:37:02] [INFO] Verifying Python dependencies...
[2026-08-07 17:37:03] [SUCCESS] Dependencies verified successfully.
[2026-08-07 17:37:03] [INFO] Verifying Flutter SDK...
[2026-08-07 17:37:05] [SUCCESS] Flutter found: Flutter 3.44.8 G求 channel stable G求 https://github.com/flutter/flutter.git
[2026-08-07 17:37:05] [STARTUP] 
--- Falcon Startup Diagnostics ---
Project Root:          C:\falcon
Detected Backend Path: C:\falcon
Detected Flutter Path: C:\falcon
Selected Python:       python
Python Version:        Python 3.11.4
Environment Type:      System Python
Backend URL:           http://127.0.0.1:8000
Health Endpoint:       http://127.0.0.1:8000/api/v1/health
----------------------------------
[2026-08-07 17:37:05] [INFO] Starting FastAPI backend...
[2026-08-07 17:37:06] [SUCCESS] Backend process started (PID: 16000).
[2026-08-07 17:37:06] [INFO] Waiting for backend health (http://127.0.0.1:8000/api/v1/health)...
[2026-08-07 17:37:06] [INFO] Health Check Attempt 1...
[2026-08-07 17:37:08] [WARN] Health Check Failed: The operation has timed out.
[2026-08-07 17:37:10] [INFO] Health Check Attempt 2...
[2026-08-07 17:37:10] [SUCCESS] Health Check Successful. Backend Ready.
[2026-08-07 17:37:10] [INFO] Launching Flutter Windows application...
[2026-08-07 17:37:10] [SUCCESS] Flutter application launched (PID: 3988).
[2026-08-07 17:37:10] [INFO] Entering process supervisor mode...
[2026-08-07 17:42:01] [INFO] Flutter application closed.
[2026-08-07 17:42:01] [INFO] Stopping backend process...
[2026-08-07 17:42:01] [SUCCESS] Falcon Launcher exiting cleanly.
[2026-08-07 17:57:39] [STARTUP] Starting Falcon AI Launcher in Development mode...
[2026-08-07 17:57:39] [INFO] Searching for Backend project...
[2026-08-07 17:57:39] [SUCCESS] Found Backend project at: C:\falcon
[2026-08-07 17:57:39] [INFO] Searching for Flutter project...
[2026-08-07 17:57:39] [SUCCESS] Found exactly one Flutter project at: C:\falcon
[2026-08-07 17:57:39] [INFO] Discovering Python environment...
[2026-08-07 17:57:39] [INFO] Verifying Python dependencies...
[2026-08-07 17:57:40] [SUCCESS] Dependencies verified successfully.
[2026-08-07 17:57:40] [INFO] Verifying Flutter SDK...
[2026-08-07 17:57:42] [SUCCESS] Flutter found: Flutter 3.44.8 G求 channel stable G求 https://github.com/flutter/flutter.git
[2026-08-07 17:57:42] [STARTUP] 
--- Falcon Startup Diagnostics ---
Project Root:          C:\falcon
Detected Backend Path: C:\falcon
Detected Flutter Path: C:\falcon
Selected Python:       python
Python Version:        Python 3.11.4
Environment Type:      System Python
Backend URL:           http://127.0.0.1:8000
Health Endpoint:       http://127.0.0.1:8000/api/v1/health
----------------------------------
[2026-08-07 17:57:42] [INFO] Starting FastAPI backend...
[2026-08-07 17:57:42] [SUCCESS] Backend process started (PID: 29612).
[2026-08-07 17:57:42] [INFO] Waiting for backend health (http://127.0.0.1:8000/api/v1/health)...
[2026-08-07 17:57:42] [INFO] Health Check Attempt 1...
[2026-08-07 17:57:43] [SUCCESS] Health Check Successful. Backend Ready.
[2026-08-07 17:57:43] [INFO] Launching Flutter Windows application...
[2026-08-07 17:57:43] [SUCCESS] Flutter application launched (PID: 16028).
[2026-08-07 17:57:43] [INFO] Entering process supervisor mode...
[2026-08-07 17:57:59] [INFO] Flutter application closed.
[2026-08-07 17:57:59] [FAILURE] Flutter application crashed.

Last Flutter Logs:
    + CategoryInfo          : NotSpecified: (lib/services/ap...semble.vcxproj]:String) [], RemoteException
    + FullyQualifiedErrorId : NativeCommandError
 
C:\Program Files (x86)\Microsoft Visual 
Studio\2022\BuildTools\MSBuild\Microsoft\VC\v170\Microsoft.CppCommon.targets(254,5): error MSB8066: Custom build for 'C
:\falcon\build\windows\x64\CMakeFiles\5ba11ed7be0339f80a165953ea7fedd7\flutter_windows.dll.rule;C:\falcon\build\windows
\x64\CMakeFiles\40af3f0e4f072655aa1ec0c8ca93a675\flutter_assemble.rule' exited with code 1. 
[C:\falcon\build\windows\x64\flutter\flutter_assemble.vcxproj]
Building Windows application...                                    12.2s
Error: Build process failed.
[2026-08-07 17:57:59] [RECOVERY] Check flutter logs for details:
C:\falcon\logs\flutter.log
[2026-08-07 17:59:50] [STARTUP] Starting Falcon AI Launcher in Development mode...
[2026-08-07 17:59:50] [INFO] Searching for Backend project...
[2026-08-07 17:59:50] [SUCCESS] Found Backend project at: C:\falcon
[2026-08-07 17:59:50] [INFO] Searching for Flutter project...
[2026-08-07 17:59:50] [SUCCESS] Found exactly one Flutter project at: C:\falcon
[2026-08-07 17:59:50] [INFO] Discovering Python environment...
[2026-08-07 17:59:50] [INFO] Verifying Python dependencies...
[2026-08-07 17:59:51] [SUCCESS] Dependencies verified successfully.
[2026-08-07 17:59:51] [INFO] Verifying Flutter SDK...
[2026-08-07 17:59:53] [SUCCESS] Flutter found: Flutter 3.44.8 G求 channel stable G求 https://github.com/flutter/flutter.git
[2026-08-07 17:59:53] [STARTUP] 
--- Falcon Startup Diagnostics ---
Project Root:          C:\falcon
Detected Backend Path: C:\falcon
Detected Flutter Path: C:\falcon
Selected Python:       python
Python Version:        Python 3.11.4
Environment Type:      System Python
Backend URL:           http://127.0.0.1:8000
Health Endpoint:       http://127.0.0.1:8000/api/v1/health
----------------------------------
[2026-08-07 17:59:53] [INFO] Starting FastAPI backend...
[2026-08-07 17:59:53] [SUCCESS] Backend process started (PID: 14544).
[2026-08-07 17:59:53] [INFO] Waiting for backend health (http://127.0.0.1:8000/api/v1/health)...
[2026-08-07 17:59:53] [INFO] Health Check Attempt 1...
[2026-08-07 17:59:53] [SUCCESS] Health Check Successful. Backend Ready.
[2026-08-07 17:59:53] [INFO] Launching Flutter Windows application...
[2026-08-07 17:59:53] [SUCCESS] Flutter application launched (PID: 17680).
[2026-08-07 17:59:53] [INFO] Entering process supervisor mode...
[2026-08-07 18:02:42] [INFO] Flutter application closed.
[2026-08-07 18:02:42] [INFO] Stopping backend process...
[2026-08-07 18:02:42] [SUCCESS] Falcon Launcher exiting cleanly.
[2026-08-07 18:02:47] [STARTUP] Starting Falcon AI Launcher in Development mode...
[2026-08-07 18:02:47] [INFO] Searching for Backend project...
[2026-08-07 18:02:47] [SUCCESS] Found Backend project at: C:\falcon
[2026-08-07 18:02:47] [INFO] Searching for Flutter project...
[2026-08-07 18:02:47] [SUCCESS] Found exactly one Flutter project at: C:\falcon
[2026-08-07 18:02:47] [INFO] Discovering Python environment...
[2026-08-07 18:02:47] [INFO] Verifying Python dependencies...
[2026-08-07 18:02:48] [SUCCESS] Dependencies verified successfully.
[2026-08-07 18:02:48] [INFO] Verifying Flutter SDK...
[2026-08-07 18:02:50] [SUCCESS] Flutter found: Flutter 3.44.8 G求 channel stable G求 https://github.com/flutter/flutter.git
[2026-08-07 18:02:50] [STARTUP] 
--- Falcon Startup Diagnostics ---
Project Root:          C:\falcon
Detected Backend Path: C:\falcon
Detected Flutter Path: C:\falcon
Selected Python:       python
Python Version:        Python 3.11.4
Environment Type:      System Python
Backend URL:           http://127.0.0.1:8000
Health Endpoint:       http://127.0.0.1:8000/api/v1/health
----------------------------------
[2026-08-07 18:02:50] [INFO] Starting FastAPI backend...
[2026-08-07 18:02:50] [SUCCESS] Backend process started (PID: 22904).
[2026-08-07 18:02:50] [INFO] Waiting for backend health (http://127.0.0.1:8000/api/v1/health)...
[2026-08-07 18:02:50] [INFO] Health Check Attempt 1...
[2026-08-07 18:02:50] [SUCCESS] Health Check Successful. Backend Ready.
[2026-08-07 18:02:50] [INFO] Launching Flutter Windows application...
[2026-08-07 18:02:50] [SUCCESS] Flutter application launched (PID: 9736).
[2026-08-07 18:02:50] [INFO] Entering process supervisor mode...
[2026-08-07 18:05:04] [FAILURE] Backend process unexpectedly exited!
[2026-08-07 18:05:04] [WARN] Initiating auto-recovery attempt 1 of 3...
[2026-08-07 18:05:07] [INFO] Starting FastAPI backend...
[2026-08-07 18:05:07] [SUCCESS] Backend process started (PID: 30192).
[2026-08-07 18:05:07] [INFO] Waiting for backend health (http://127.0.0.1:8000/api/v1/health)...
[2026-08-07 18:05:07] [INFO] Health Check Attempt 1...
[2026-08-07 18:05:07] [SUCCESS] Health Check Successful. Backend Ready.
[2026-08-07 18:05:14] [FAILURE] Backend process unexpectedly exited!
[2026-08-07 18:05:14] [WARN] Initiating auto-recovery attempt 1 of 3...
[2026-08-07 18:05:17] [INFO] Starting FastAPI backend...
[2026-08-07 18:05:17] [SUCCESS] Backend process started (PID: 28712).
[2026-08-07 18:05:17] [INFO] Waiting for backend health (http://127.0.0.1:8000/api/v1/health)...
[2026-08-07 18:05:17] [INFO] Health Check Attempt 1...
[2026-08-07 18:05:17] [SUCCESS] Health Check Successful. Backend Ready.
[2026-08-07 18:06:01] [INFO] Flutter application closed.
[2026-08-07 18:06:01] [INFO] Stopping backend process...
[2026-08-07 18:06:01] [SUCCESS] Falcon Launcher exiting cleanly.
[2026-08-07 18:06:06] [STARTUP] Starting Falcon AI Launcher in Development mode...
[2026-08-07 18:06:06] [INFO] Searching for Backend project...
[2026-08-07 18:06:06] [SUCCESS] Found Backend project at: C:\falcon
[2026-08-07 18:06:06] [INFO] Searching for Flutter project...
[2026-08-07 18:06:06] [SUCCESS] Found exactly one Flutter project at: C:\falcon
[2026-08-07 18:06:06] [INFO] Discovering Python environment...
[2026-08-07 18:06:06] [INFO] Verifying Python dependencies...
[2026-08-07 18:06:07] [SUCCESS] Dependencies verified successfully.
[2026-08-07 18:06:07] [INFO] Verifying Flutter SDK...
[2026-08-07 18:06:08] [SUCCESS] Flutter found: Flutter 3.44.8 G求 channel stable G求 https://github.com/flutter/flutter.git
[2026-08-07 18:06:08] [STARTUP] 
--- Falcon Startup Diagnostics ---
Project Root:          C:\falcon
Detected Backend Path: C:\falcon
Detected Flutter Path: C:\falcon
Selected Python:       python
Python Version:        Python 3.11.4
Environment Type:      System Python
Backend URL:           http://127.0.0.1:8000
Health Endpoint:       http://127.0.0.1:8000/api/v1/health
----------------------------------
[2026-08-07 18:06:08] [INFO] Starting FastAPI backend...
[2026-08-07 18:06:08] [SUCCESS] Backend process started (PID: 10376).
[2026-08-07 18:06:08] [INFO] Waiting for backend health (http://127.0.0.1:8000/api/v1/health)...
[2026-08-07 18:06:08] [INFO] Health Check Attempt 1...
[2026-08-07 18:06:09] [SUCCESS] Health Check Successful. Backend Ready.
[2026-08-07 18:06:09] [INFO] Launching Flutter Windows application...
[2026-08-07 18:06:09] [SUCCESS] Flutter application launched (PID: 22216).
[2026-08-07 18:06:09] [INFO] Entering process supervisor mode...
[2026-08-07 18:08:43] [FAILURE] Backend process unexpectedly exited!
[2026-08-07 18:08:43] [WARN] Initiating auto-recovery attempt 1 of 3...
[2026-08-07 18:08:46] [INFO] Starting FastAPI backend...
[2026-08-07 18:08:46] [SUCCESS] Backend process started (PID: 23760).
[2026-08-07 18:08:46] [INFO] Waiting for backend health (http://127.0.0.1:8000/api/v1/health)...
[2026-08-07 18:08:46] [INFO] Health Check Attempt 1...
[2026-08-07 18:08:46] [SUCCESS] Health Check Successful. Backend Ready.
[2026-08-07 18:08:52] [FAILURE] Backend process unexpectedly exited!
[2026-08-07 18:08:52] [WARN] Initiating auto-recovery attempt 1 of 3...
[2026-08-07 18:08:55] [INFO] Starting FastAPI backend...
[2026-08-07 18:08:55] [SUCCESS] Backend process started (PID: 30728).
[2026-08-07 18:08:55] [INFO] Waiting for backend health (http://127.0.0.1:8000/api/v1/health)...
[2026-08-07 18:08:55] [INFO] Health Check Attempt 1...
[2026-08-07 18:08:55] [SUCCESS] Health Check Successful. Backend Ready.
[2026-08-07 18:08:57] [INFO] Flutter application closed.
[2026-08-07 18:08:57] [INFO] Stopping backend process...
[2026-08-07 18:08:57] [SUCCESS] Falcon Launcher exiting cleanly.
[2026-08-07 18:09:56] [STARTUP] Starting Falcon AI Launcher in Development mode...
[2026-08-07 18:09:56] [INFO] Searching for Backend project...
[2026-08-07 18:09:56] [SUCCESS] Found Backend project at: C:\falcon
[2026-08-07 18:09:56] [INFO] Searching for Flutter project...
[2026-08-07 18:09:56] [SUCCESS] Found exactly one Flutter project at: C:\falcon
[2026-08-07 18:09:56] [INFO] Discovering Python environment...
[2026-08-07 18:09:56] [INFO] Verifying Python dependencies...
[2026-08-07 18:09:57] [SUCCESS] Dependencies verified successfully.
[2026-08-07 18:09:57] [INFO] Verifying Flutter SDK...
[2026-08-07 18:09:59] [SUCCESS] Flutter found: Flutter 3.44.8 G求 channel stable G求 https://github.com/flutter/flutter.git
[2026-08-07 18:09:59] [STARTUP] 
--- Falcon Startup Diagnostics ---
Project Root:          C:\falcon
Detected Backend Path: C:\falcon
Detected Flutter Path: C:\falcon
Selected Python:       python
Python Version:        Python 3.11.4
Environment Type:      System Python
Backend URL:           http://127.0.0.1:8000
Health Endpoint:       http://127.0.0.1:8000/api/v1/health
----------------------------------
[2026-08-07 18:09:59] [INFO] Starting FastAPI backend...
[2026-08-07 18:09:59] [SUCCESS] Backend process started (PID: 21564).
[2026-08-07 18:09:59] [INFO] Waiting for backend health (http://127.0.0.1:8000/api/v1/health)...
[2026-08-07 18:09:59] [INFO] Health Check Attempt 1...
[2026-08-07 18:09:59] [SUCCESS] Health Check Successful. Backend Ready.
[2026-08-07 18:09:59] [INFO] Launching Flutter Windows application...
[2026-08-07 18:09:59] [SUCCESS] Flutter application launched (PID: 30508).
[2026-08-07 18:09:59] [INFO] Entering process supervisor mode...
[2026-08-07 18:10:45] [INFO] Flutter application closed.
[2026-08-07 18:10:45] [INFO] Stopping backend process...
[2026-08-07 18:10:45] [SUCCESS] Falcon Launcher exiting cleanly.
[2026-08-07 18:10:52] [STARTUP] Starting Falcon AI Launcher in Development mode...
[2026-08-07 18:10:52] [INFO] Searching for Backend project...
[2026-08-07 18:10:52] [SUCCESS] Found Backend project at: C:\falcon
[2026-08-07 18:10:52] [INFO] Searching for Flutter project...
[2026-08-07 18:10:52] [SUCCESS] Found exactly one Flutter project at: C:\falcon
[2026-08-07 18:10:52] [INFO] Discovering Python environment...
[2026-08-07 18:10:52] [INFO] Verifying Python dependencies...
[2026-08-07 18:10:53] [SUCCESS] Dependencies verified successfully.
[2026-08-07 18:10:53] [INFO] Verifying Flutter SDK...
[2026-08-07 18:10:55] [SUCCESS] Flutter found: Flutter 3.44.8 G求 channel stable G求 https://github.com/flutter/flutter.git
[2026-08-07 18:10:55] [STARTUP] 
--- Falcon Startup Diagnostics ---
Project Root:          C:\falcon
Detected Backend Path: C:\falcon
Detected Flutter Path: C:\falcon
Selected Python:       python
Python Version:        Python 3.11.4
Environment Type:      System Python
Backend URL:           http://127.0.0.1:8000
Health Endpoint:       http://127.0.0.1:8000/api/v1/health
----------------------------------
[2026-08-07 18:10:55] [INFO] Starting FastAPI backend...
[2026-08-07 18:10:55] [SUCCESS] Backend process started (PID: 7216).
[2026-08-07 18:10:55] [INFO] Waiting for backend health (http://127.0.0.1:8000/api/v1/health)...
[2026-08-07 18:10:55] [INFO] Health Check Attempt 1...
[2026-08-07 18:10:55] [SUCCESS] Health Check Successful. Backend Ready.
[2026-08-07 18:10:55] [INFO] Launching Flutter Windows application...
[2026-08-07 18:10:55] [SUCCESS] Flutter application launched (PID: 19272).
[2026-08-07 18:10:55] [INFO] Entering process supervisor mode...
[2026-08-07 18:12:30] [FAILURE] Backend process unexpectedly exited!
[2026-08-07 18:12:30] [WARN] Initiating auto-recovery attempt 1 of 3...
[2026-08-07 18:12:33] [INFO] Starting FastAPI backend...
[2026-08-07 18:12:33] [SUCCESS] Backend process started (PID: 10968).
[2026-08-07 18:12:33] [INFO] Waiting for backend health (http://127.0.0.1:8000/api/v1/health)...
[2026-08-07 18:12:33] [INFO] Health Check Attempt 1...
[2026-08-07 18:12:33] [SUCCESS] Health Check Successful. Backend Ready.
[2026-08-07 18:13:51] [INFO] Flutter application closed.
[2026-08-07 18:13:51] [INFO] Stopping backend process...
[2026-08-07 18:13:51] [SUCCESS] Falcon Launcher exiting cleanly.
[2026-08-07 18:13:56] [STARTUP] Starting Falcon AI Launcher in Development mode...
[2026-08-07 18:13:56] [INFO] Searching for Backend project...
[2026-08-07 18:13:56] [SUCCESS] Found Backend project at: C:\falcon
[2026-08-07 18:13:56] [INFO] Searching for Flutter project...
[2026-08-07 18:13:56] [SUCCESS] Found exactly one Flutter project at: C:\falcon
[2026-08-07 18:13:56] [INFO] Discovering Python environment...
[2026-08-07 18:13:56] [INFO] Verifying Python dependencies...
[2026-08-07 18:13:57] [SUCCESS] Dependencies verified successfully.
[2026-08-07 18:13:57] [INFO] Verifying Flutter SDK...
[2026-08-07 18:13:59] [SUCCESS] Flutter found: Flutter 3.44.8 G求 channel stable G求 https://github.com/flutter/flutter.git
[2026-08-07 18:13:59] [STARTUP] 
--- Falcon Startup Diagnostics ---
Project Root:          C:\falcon
Detected Backend Path: C:\falcon
Detected Flutter Path: C:\falcon
Selected Python:       python
Python Version:        Python 3.11.4
Environment Type:      System Python
Backend URL:           http://127.0.0.1:8000
Health Endpoint:       http://127.0.0.1:8000/api/v1/health
----------------------------------
[2026-08-07 18:13:59] [INFO] Starting FastAPI backend...
[2026-08-07 18:13:59] [SUCCESS] Backend process started (PID: 2064).
[2026-08-07 18:13:59] [INFO] Waiting for backend health (http://127.0.0.1:8000/api/v1/health)...
[2026-08-07 18:13:59] [INFO] Health Check Attempt 1...
[2026-08-07 18:13:59] [SUCCESS] Health Check Successful. Backend Ready.
[2026-08-07 18:13:59] [INFO] Launching Flutter Windows application...
[2026-08-07 18:13:59] [SUCCESS] Flutter application launched (PID: 2484).
[2026-08-07 18:13:59] [INFO] Entering process supervisor mode...
[2026-08-07 18:15:38] [INFO] Flutter application closed.
[2026-08-07 18:15:38] [INFO] Stopping backend process...
[2026-08-07 18:15:38] [SUCCESS] Falcon Launcher exiting cleanly.
[2026-08-07 18:18:43] [STARTUP] Starting Falcon AI Launcher in Development mode...
[2026-08-07 18:18:43] [INFO] Searching for Backend project...
[2026-08-07 18:18:43] [SUCCESS] Found Backend project at: C:\falcon
[2026-08-07 18:18:43] [INFO] Searching for Flutter project...
[2026-08-07 18:18:43] [SUCCESS] Found exactly one Flutter project at: C:\falcon
[2026-08-07 18:18:43] [INFO] Discovering Python environment...
[2026-08-07 18:18:43] [INFO] Verifying Python dependencies...
[2026-08-07 18:18:44] [SUCCESS] Dependencies verified successfully.
[2026-08-07 18:18:44] [INFO] Verifying Flutter SDK...
[2026-08-07 18:18:45] [SUCCESS] Flutter found: Flutter 3.44.8 G求 channel stable G求 https://github.com/flutter/flutter.git
[2026-08-07 18:18:45] [STARTUP] 
--- Falcon Startup Diagnostics ---
Project Root:          C:\falcon
Detected Backend Path: C:\falcon
Detected Flutter Path: C:\falcon
Selected Python:       python
Python Version:        Python 3.11.4
Environment Type:      System Python
Backend URL:           http://127.0.0.1:8000
Health Endpoint:       http://127.0.0.1:8000/api/v1/health
----------------------------------
[2026-08-07 18:18:45] [INFO] Starting FastAPI backend...
[2026-08-07 18:18:46] [SUCCESS] Backend process started (PID: 1928).
[2026-08-07 18:18:46] [INFO] Waiting for backend health (http://127.0.0.1:8000/api/v1/health)...
[2026-08-07 18:18:46] [INFO] Health Check Attempt 1...
[2026-08-07 18:18:46] [SUCCESS] Health Check Successful. Backend Ready.
[2026-08-07 18:18:46] [INFO] Launching Flutter Windows application...
[2026-08-07 18:18:46] [SUCCESS] Flutter application launched (PID: 7656).
[2026-08-07 18:18:46] [INFO] Entering process supervisor mode...
[2026-08-07 18:22:17] [FAILURE] Backend process unexpectedly exited!
[2026-08-07 18:22:17] [WARN] Initiating auto-recovery attempt 1 of 3...
[2026-08-07 18:22:20] [INFO] Starting FastAPI backend...
[2026-08-07 18:22:20] [SUCCESS] Backend process started (PID: 19912).
[2026-08-07 18:22:20] [INFO] Waiting for backend health (http://127.0.0.1:8000/api/v1/health)...
[2026-08-07 18:22:20] [INFO] Health Check Attempt 1...
[2026-08-07 18:22:20] [SUCCESS] Health Check Successful. Backend Ready.
[2026-08-07 18:22:40] [FAILURE] Backend process unexpectedly exited!
[2026-08-07 18:22:40] [WARN] Initiating auto-recovery attempt 1 of 3...
[2026-08-07 18:22:43] [INFO] Starting FastAPI backend...
[2026-08-07 18:22:43] [SUCCESS] Backend process started (PID: 16892).
[2026-08-07 18:22:43] [INFO] Waiting for backend health (http://127.0.0.1:8000/api/v1/health)...
[2026-08-07 18:22:43] [INFO] Health Check Attempt 1...
[2026-08-07 18:22:43] [SUCCESS] Health Check Successful. Backend Ready.
[2026-08-07 18:23:31] [INFO] Flutter application closed.
[2026-08-07 18:23:31] [INFO] Stopping backend process...
[2026-08-07 18:23:31] [SUCCESS] Falcon Launcher exiting cleanly.
[2026-08-07 18:23:36] [STARTUP] Starting Falcon AI Launcher in Development mode...
[2026-08-07 18:23:36] [INFO] Searching for Backend project...
[2026-08-07 18:23:37] [SUCCESS] Found Backend project at: C:\falcon
[2026-08-07 18:23:37] [INFO] Searching for Flutter project...
[2026-08-07 18:23:37] [SUCCESS] Found exactly one Flutter project at: C:\falcon
[2026-08-07 18:23:37] [INFO] Discovering Python environment...
[2026-08-07 18:23:37] [INFO] Verifying Python dependencies...
[2026-08-07 18:23:38] [SUCCESS] Dependencies verified successfully.
[2026-08-07 18:23:38] [INFO] Verifying Flutter SDK...
[2026-08-07 18:23:39] [SUCCESS] Flutter found: Flutter 3.44.8 G求 channel stable G求 https://github.com/flutter/flutter.git
[2026-08-07 18:23:39] [STARTUP] 
--- Falcon Startup Diagnostics ---
Project Root:          C:\falcon
Detected Backend Path: C:\falcon
Detected Flutter Path: C:\falcon
Selected Python:       python
Python Version:        Python 3.11.4
Environment Type:      System Python
Backend URL:           http://127.0.0.1:8000
Health Endpoint:       http://127.0.0.1:8000/api/v1/health
----------------------------------
[2026-08-07 18:23:39] [INFO] Starting FastAPI backend...
[2026-08-07 18:23:39] [SUCCESS] Backend process started (PID: 26368).
[2026-08-07 18:23:39] [INFO] Waiting for backend health (http://127.0.0.1:8000/api/v1/health)...
[2026-08-07 18:23:39] [INFO] Health Check Attempt 1...
[2026-08-07 18:23:40] [SUCCESS] Health Check Successful. Backend Ready.
[2026-08-07 18:23:40] [INFO] Launching Flutter Windows application...
[2026-08-07 18:23:40] [SUCCESS] Flutter application launched (PID: 25904).
[2026-08-07 18:23:40] [INFO] Entering process supervisor mode...
[2026-08-07 18:25:06] [INFO] Flutter application closed.
[2026-08-07 18:25:06] [INFO] Stopping backend process...
[2026-08-07 18:25:06] [SUCCESS] Falcon Launcher exiting cleanly.
[2026-08-07 18:31:31] [STARTUP] Starting Falcon AI Launcher in Development mode...
[2026-08-07 18:31:32] [INFO] Searching for Backend project...
[2026-08-07 18:31:32] [SUCCESS] Found Backend project at: C:\falcon
[2026-08-07 18:31:32] [INFO] Searching for Flutter project...
[2026-08-07 18:31:32] [SUCCESS] Found exactly one Flutter project at: C:\falcon
[2026-08-07 18:31:32] [INFO] Discovering Python environment...
[2026-08-07 18:31:32] [INFO] Verifying Python dependencies...
[2026-08-07 18:31:33] [SUCCESS] Dependencies verified successfully.
[2026-08-07 18:31:33] [INFO] Verifying Flutter SDK...
[2026-08-07 18:31:34] [SUCCESS] Flutter found: Flutter 3.44.8 G求 channel stable G求 https://github.com/flutter/flutter.git
[2026-08-07 18:31:34] [STARTUP] 
--- Falcon Startup Diagnostics ---
Project Root:          C:\falcon
Detected Backend Path: C:\falcon
Detected Flutter Path: C:\falcon
Selected Python:       python
Python Version:        Python 3.11.4
Environment Type:      System Python
Backend URL:           http://127.0.0.1:8000
Health Endpoint:       http://127.0.0.1:8000/api/v1/health
----------------------------------
[2026-08-07 18:31:34] [INFO] Starting FastAPI backend...
[2026-08-07 18:31:34] [SUCCESS] Backend process started (PID: 24816).
[2026-08-07 18:31:34] [INFO] Waiting for backend health (http://127.0.0.1:8000/api/v1/health)...
[2026-08-07 18:31:34] [INFO] Health Check Attempt 1...
[2026-08-07 18:31:35] [SUCCESS] Health Check Successful. Backend Ready.
[2026-08-07 18:31:35] [INFO] Launching Flutter Windows application...
[2026-08-07 18:31:35] [SUCCESS] Flutter application launched (PID: 29632).
[2026-08-07 18:31:35] [INFO] Entering process supervisor mode...
[2026-08-07 18:35:40] [INFO] Flutter application closed.
[2026-08-07 18:35:40] [INFO] Stopping backend process...
[2026-08-07 18:35:40] [SUCCESS] Falcon Launcher exiting cleanly.
[2026-08-07 18:40:50] [STARTUP] Starting Falcon AI Launcher in Development mode...
[2026-08-07 18:40:50] [INFO] Searching for Backend project...
[2026-08-07 18:40:50] [SUCCESS] Found Backend project at: C:\falcon
[2026-08-07 18:40:50] [INFO] Searching for Flutter project...
[2026-08-07 18:40:50] [SUCCESS] Found exactly one Flutter project at: C:\falcon
[2026-08-07 18:40:50] [INFO] Discovering Python environment...
[2026-08-07 18:40:50] [INFO] Verifying Python dependencies...
[2026-08-07 18:40:51] [SUCCESS] Dependencies verified successfully.
[2026-08-07 18:40:51] [INFO] Verifying Flutter SDK...
[2026-08-07 18:40:53] [SUCCESS] Flutter found: Flutter 3.44.8 G求 channel stable G求 https://github.com/flutter/flutter.git
[2026-08-07 18:40:53] [STARTUP] 
--- Falcon Startup Diagnostics ---
Project Root:          C:\falcon
Detected Backend Path: C:\falcon
Detected Flutter Path: C:\falcon
Selected Python:       python
Python Version:        Python 3.11.4
Environment Type:      System Python
Backend URL:           http://127.0.0.1:8000
Health Endpoint:       http://127.0.0.1:8000/api/v1/health
----------------------------------
[2026-08-07 18:40:53] [INFO] Starting FastAPI backend...
[2026-08-07 18:40:53] [SUCCESS] Backend process started (PID: 29924).
[2026-08-07 18:40:53] [INFO] Waiting for backend health (http://127.0.0.1:8000/api/v1/health)...
[2026-08-07 18:40:53] [INFO] Health Check Attempt 1...
[2026-08-07 18:40:53] [SUCCESS] Health Check Successful. Backend Ready.
[2026-08-07 18:40:53] [INFO] Launching Flutter Windows application...
[2026-08-07 18:40:53] [SUCCESS] Flutter application launched (PID: 11076).
[2026-08-07 18:40:53] [INFO] Entering process supervisor mode...
[2026-08-07 18:42:51] [INFO] Flutter application closed.
[2026-08-07 18:42:51] [INFO] Stopping backend process...
[2026-08-07 18:42:51] [SUCCESS] Falcon Launcher exiting cleanly.
[2026-08-07 18:48:41] [STARTUP] Starting Falcon AI Launcher in Development mode...
[2026-08-07 18:48:41] [INFO] Searching for Backend project...
[2026-08-07 18:48:41] [SUCCESS] Found Backend project at: C:\falcon
[2026-08-07 18:48:41] [INFO] Searching for Flutter project...
[2026-08-07 18:48:41] [SUCCESS] Found exactly one Flutter project at: C:\falcon
[2026-08-07 18:48:41] [INFO] Discovering Python environment...
[2026-08-07 18:48:41] [INFO] Verifying Python dependencies...
[2026-08-07 18:48:43] [SUCCESS] Dependencies verified successfully.
[2026-08-07 18:48:43] [INFO] Verifying Flutter SDK...
[2026-08-07 18:48:45] [SUCCESS] Flutter found: Flutter 3.44.8 G求 channel stable G求 https://github.com/flutter/flutter.git
[2026-08-07 18:48:45] [STARTUP] 
--- Falcon Startup Diagnostics ---
Project Root:          C:\falcon
Detected Backend Path: C:\falcon
Detected Flutter Path: C:\falcon
Selected Python:       python
Python Version:        Python 3.11.4
Environment Type:      System Python
Backend URL:           http://127.0.0.1:8000
Health Endpoint:       http://127.0.0.1:8000/api/v1/health
----------------------------------
[2026-08-07 18:48:45] [INFO] Starting FastAPI backend...
[2026-08-07 18:48:45] [SUCCESS] Backend process started (PID: 12936).
[2026-08-07 18:48:45] [INFO] Waiting for backend health (http://127.0.0.1:8000/api/v1/health)...
[2026-08-07 18:48:45] [INFO] Health Check Attempt 1...
[2026-08-07 18:48:45] [SUCCESS] Health Check Successful. Backend Ready.
[2026-08-07 18:48:45] [INFO] Launching Flutter Windows application...
[2026-08-07 18:48:45] [SUCCESS] Flutter application launched (PID: 19868).
[2026-08-07 18:48:45] [INFO] Entering process supervisor mode...
[2026-08-07 18:53:40] [INFO] Flutter application closed.
[2026-08-07 18:53:40] [INFO] Stopping backend process...
[2026-08-07 18:53:40] [SUCCESS] Falcon Launcher exiting cleanly.
[2026-08-07 22:26:29] [STARTUP] Starting Falcon AI Launcher in Development mode...
[2026-08-07 22:26:29] [INFO] Searching for Backend project...
[2026-08-07 22:26:30] [SUCCESS] Found Backend project at: C:\falcon
[2026-08-07 22:26:30] [INFO] Searching for Flutter project...
[2026-08-07 22:26:30] [SUCCESS] Found exactly one Flutter project at: C:\falcon
[2026-08-07 22:26:30] [INFO] Discovering Python environment...
[2026-08-07 22:26:30] [INFO] Verifying Python dependencies...
[2026-08-07 22:26:32] [SUCCESS] Dependencies verified successfully.
[2026-08-07 22:26:32] [INFO] Verifying Flutter SDK...
[2026-08-07 22:26:34] [SUCCESS] Flutter found: Flutter 3.44.8 G求 channel stable G求 https://github.com/flutter/flutter.git
[2026-08-07 22:26:34] [STARTUP] 
--- Falcon Startup Diagnostics ---
Project Root:          C:\falcon
Detected Backend Path: C:\falcon
Detected Flutter Path: C:\falcon
Selected Python:       python
Python Version:        Python 3.11.4
Environment Type:      System Python
Backend URL:           http://127.0.0.1:8000
Health Endpoint:       http://127.0.0.1:8000/api/v1/health
----------------------------------
[2026-08-07 22:26:34] [INFO] Starting FastAPI backend...
[2026-08-07 22:26:34] [SUCCESS] Backend process started (PID: 30232).
[2026-08-07 22:26:34] [INFO] Waiting for backend health (http://127.0.0.1:8000/api/v1/health)...
[2026-08-07 22:26:34] [INFO] Health Check Attempt 1...
[2026-08-07 22:26:34] [SUCCESS] Health Check Successful. Backend Ready.
[2026-08-07 22:26:34] [INFO] Launching Flutter Windows application...
[2026-08-07 22:26:34] [SUCCESS] Flutter application launched (PID: 18960).
[2026-08-07 22:26:34] [INFO] Entering process supervisor mode...
[2026-08-07 22:28:02] [INFO] Flutter application closed.
[2026-08-07 22:28:02] [INFO] Stopping backend process...
[2026-08-07 22:28:02] [SUCCESS] Falcon Launcher exiting cleanly.
[2026-08-08 12:11:13] [STARTUP] Starting Falcon AI Launcher in Development mode...
[2026-08-08 12:11:13] [INFO] Searching for Backend project...
[2026-08-08 12:11:13] [SUCCESS] Found Backend project at: C:\falcon
[2026-08-08 12:11:13] [INFO] Searching for Flutter project...
[2026-08-08 12:11:13] [SUCCESS] Found exactly one Flutter project at: C:\falcon
[2026-08-08 12:11:13] [INFO] Discovering Python environment...
[2026-08-08 12:11:13] [INFO] Verifying Python dependencies...
[2026-08-08 12:11:15] [SUCCESS] Dependencies verified successfully.
[2026-08-08 12:11:15] [INFO] Verifying Flutter SDK...
[2026-08-08 12:24:48] [STARTUP] Starting Falcon AI Launcher in Development mode...
[2026-08-08 12:24:48] [INFO] Searching for Backend project...
[2026-08-08 12:24:48] [SUCCESS] Found Backend project at: C:\falcon
[2026-08-08 12:24:48] [INFO] Searching for Flutter project...
[2026-08-08 12:24:48] [SUCCESS] Found exactly one Flutter project at: C:\falcon
[2026-08-08 12:24:48] [INFO] Discovering Python environment...
[2026-08-08 12:24:48] [INFO] Verifying Python dependencies...
[2026-08-08 12:24:49] [SUCCESS] Dependencies verified successfully.
[2026-08-08 12:24:49] [INFO] Verifying Flutter SDK...
[2026-08-08 12:24:51] [SUCCESS] Flutter found: Flutter 3.44.8 G求 channel stable G求 https://github.com/flutter/flutter.git
[2026-08-08 12:24:51] [STARTUP] 
--- Falcon Startup Diagnostics ---
Project Root:          C:\falcon
Detected Backend Path: C:\falcon
Detected Flutter Path: C:\falcon
Selected Python:       python
Python Version:        Python 3.11.4
Environment Type:      System Python
Backend URL:           http://127.0.0.1:8000
Health Endpoint:       http://127.0.0.1:8000/api/v1/health
----------------------------------
[2026-08-08 12:24:51] [INFO] Verifying Falcon Wake Listener background service...
[2026-08-08 12:25:01] [SUCCESS] Falcon Wake Listener background service is active.
[2026-08-08 12:25:01] [INFO] Starting FastAPI backend...
[2026-08-08 12:25:01] [SUCCESS] Backend process started (PID: 4772).
[2026-08-08 12:25:01] [INFO] Waiting for backend health (http://127.0.0.1:8000/api/v1/health)...
[2026-08-08 12:25:01] [INFO] Health Check Attempt 1...
[2026-08-08 12:25:03] [WARN] Health Check Failed: The operation has timed out.
[2026-08-08 12:25:05] [INFO] Health Check Attempt 2...
[2026-08-08 12:25:05] [SUCCESS] Health Check Successful. Backend Ready.
[2026-08-08 12:25:05] [INFO] Launching Flutter Windows application...
[2026-08-08 12:25:05] [SUCCESS] Flutter application launched (PID: 15248).
[2026-08-08 12:25:05] [INFO] Entering process supervisor mode...
[2026-08-08 12:25:19] [INFO] Flutter application closed.
[2026-08-08 12:25:19] [FAILURE] Flutter application crashed.

Last Flutter Logs:
 
lib/services/wake_listener_client.dart(74,21): error GE5CFE876: The method 'focus' isn't defined for the type 
'DesktopWindow'. [C:\falcon\build\windows\x64\flutter\flutter_assemble.vcxproj]
C:\Program Files (x86)\Microsoft Visual 
Studio\2022\BuildTools\MSBuild\Microsoft\VC\v170\Microsoft.CppCommon.targets(254,5): error MSB8066: Custom build for 'C
:\falcon\build\windows\x64\CMakeFiles\5ba11ed7be0339f80a165953ea7fedd7\flutter_windows.dll.rule;C:\falcon\build\windows
\x64\CMakeFiles\40af3f0e4f072655aa1ec0c8ca93a675\flutter_assemble.rule' exited with code 1. 
[C:\falcon\build\windows\x64\flutter\flutter_assemble.vcxproj]
Building Windows application...                                    10.6s
Error: Build process failed.
[2026-08-08 12:25:19] [RECOVERY] Check flutter logs for details:
C:\falcon\logs\flutter.log
[2026-08-08 12:32:55] [STARTUP] Starting Falcon AI Launcher in Development mode...
[2026-08-08 12:32:55] [INFO] Searching for Backend project...
[2026-08-08 12:32:56] [SUCCESS] Found Backend project at: C:\falcon
[2026-08-08 12:32:56] [INFO] Searching for Flutter project...
[2026-08-08 12:32:56] [SUCCESS] Found exactly one Flutter project at: C:\falcon
[2026-08-08 12:32:56] [INFO] Discovering Python environment...
[2026-08-08 12:32:56] [INFO] Verifying Python dependencies...
[2026-08-08 12:32:57] [SUCCESS] Dependencies verified successfully.
[2026-08-08 12:32:57] [INFO] Verifying Flutter SDK...
[2026-08-08 12:32:59] [SUCCESS] Flutter found: Flutter 3.44.8 G求 channel stable G求 https://github.com/flutter/flutter.git
[2026-08-08 12:32:59] [STARTUP] 
--- Falcon Startup Diagnostics ---
Project Root:          C:\falcon
Detected Backend Path: C:\falcon
Detected Flutter Path: C:\falcon
Selected Python:       python
Python Version:        Python 3.11.4
Environment Type:      System Python
Backend URL:           http://127.0.0.1:8000
Health Endpoint:       http://127.0.0.1:8000/api/v1/health
----------------------------------
[2026-08-08 12:32:59] [INFO] Verifying Falcon Wake Listener background service...
[2026-08-08 12:33:10] [SUCCESS] Falcon Wake Listener background service is active.
[2026-08-08 12:33:10] [INFO] Starting FastAPI backend...
[2026-08-08 12:33:10] [SUCCESS] Backend process started (PID: 4504).
[2026-08-08 12:33:10] [INFO] Waiting for backend health (http://127.0.0.1:8000/api/v1/health)...
[2026-08-08 12:33:10] [INFO] Health Check Attempt 1...
[2026-08-08 12:33:12] [WARN] Health Check Failed: The operation has timed out.
[2026-08-08 12:33:14] [INFO] Health Check Attempt 2...
[2026-08-08 12:33:15] [SUCCESS] Health Check Successful. Backend Ready.
[2026-08-08 12:33:15] [INFO] Launching Flutter Windows application...
[2026-08-08 12:33:15] [SUCCESS] Flutter application launched (PID: 26032).
[2026-08-08 12:33:15] [INFO] Entering process supervisor mode...
[2026-08-08 12:34:11] [INFO] Flutter application closed.
[2026-08-08 12:34:11] [INFO] Stopping backend process...
[2026-08-08 12:34:11] [SUCCESS] Falcon Launcher exiting cleanly.
[2026-08-08 12:39:05] [STARTUP] Starting Falcon AI Launcher in Development mode...
[2026-08-08 12:39:05] [INFO] Searching for Backend project...
[2026-08-08 12:39:05] [SUCCESS] Found Backend project at: C:\falcon
[2026-08-08 12:39:05] [INFO] Searching for Flutter project...
[2026-08-08 12:39:05] [SUCCESS] Found exactly one Flutter project at: C:\falcon
[2026-08-08 12:39:05] [INFO] Discovering Python environment...
[2026-08-08 12:39:05] [INFO] Verifying Python dependencies...
[2026-08-08 12:39:06] [SUCCESS] Dependencies verified successfully.
[2026-08-08 12:39:06] [INFO] Verifying Flutter SDK...
[2026-08-08 12:39:08] [SUCCESS] Flutter found: Flutter 3.44.8 G求 channel stable G求 https://github.com/flutter/flutter.git
[2026-08-08 12:39:08] [STARTUP] 
--- Falcon Startup Diagnostics ---
Project Root:          C:\falcon
Detected Backend Path: C:\falcon
Detected Flutter Path: C:\falcon
Selected Python:       python
Python Version:        Python 3.11.4
Environment Type:      System Python
Backend URL:           http://127.0.0.1:8000
Health Endpoint:       http://127.0.0.1:8000/api/v1/health
----------------------------------
[2026-08-08 12:39:08] [INFO] Verifying Falcon Wake Listener background service...
[2026-08-08 12:39:19] [SUCCESS] Falcon Wake Listener background service is active.
[2026-08-08 12:39:19] [INFO] Starting FastAPI backend...
[2026-08-08 12:39:19] [SUCCESS] Backend process started (PID: 17988).
[2026-08-08 12:39:19] [INFO] Waiting for backend health (http://127.0.0.1:8000/api/v1/health)...
[2026-08-08 12:39:19] [INFO] Health Check Attempt 1...
[2026-08-08 12:39:21] [WARN] Health Check Failed: The operation has timed out.
[2026-08-08 12:39:23] [INFO] Health Check Attempt 2...
[2026-08-08 12:39:23] [SUCCESS] Health Check Successful. Backend Ready.
[2026-08-08 12:39:23] [INFO] Launching Flutter Windows application...
[2026-08-08 12:39:23] [SUCCESS] Flutter application launched (PID: 23980).
[2026-08-08 12:39:23] [INFO] Entering process supervisor mode...
[2026-08-08 12:39:51] [INFO] Flutter application closed.
[2026-08-08 12:39:51] [INFO] Stopping backend process...
[2026-08-08 12:39:51] [SUCCESS] Falcon Launcher exiting cleanly.
[2026-08-08 12:42:43] [STARTUP] Starting Falcon AI Launcher in Development mode...
[2026-08-08 12:42:43] [INFO] Searching for Backend project...
[2026-08-08 12:42:43] [SUCCESS] Found Backend project at: C:\falcon
[2026-08-08 12:42:43] [INFO] Searching for Flutter project...
[2026-08-08 12:42:44] [SUCCESS] Found exactly one Flutter project at: C:\falcon
[2026-08-08 12:42:44] [INFO] Discovering Python environment...
[2026-08-08 12:42:44] [INFO] Verifying Python dependencies...
[2026-08-08 12:42:45] [SUCCESS] Dependencies verified successfully.
[2026-08-08 12:42:45] [INFO] Verifying Flutter SDK...
[2026-08-08 12:42:46] [SUCCESS] Flutter found: Flutter 3.44.8 G求 channel stable G求 https://github.com/flutter/flutter.git
[2026-08-08 12:42:46] [STARTUP] 
--- Falcon Startup Diagnostics ---
Project Root:          C:\falcon
Detected Backend Path: C:\falcon
Detected Flutter Path: C:\falcon
Selected Python:       python
Python Version:        Python 3.11.4
Environment Type:      System Python
Backend URL:           http://127.0.0.1:8000
Health Endpoint:       http://127.0.0.1:8000/api/v1/health
----------------------------------
[2026-08-08 12:42:46] [INFO] Verifying Falcon Wake Listener background service...
[2026-08-08 12:42:57] [SUCCESS] Falcon Wake Listener background service is active.
[2026-08-08 12:42:57] [INFO] Starting FastAPI backend...
[2026-08-08 12:42:57] [SUCCESS] Backend process started (PID: 19120).
[2026-08-08 12:42:57] [INFO] Waiting for backend health (http://127.0.0.1:8000/api/v1/health)...
[2026-08-08 12:42:57] [INFO] Health Check Attempt 1...
[2026-08-08 12:42:59] [WARN] Health Check Failed: The operation has timed out.
[2026-08-08 12:43:01] [INFO] Health Check Attempt 2...
[2026-08-08 12:43:01] [SUCCESS] Health Check Successful. Backend Ready.
[2026-08-08 12:43:01] [INFO] Launching Flutter Windows application...
[2026-08-08 12:43:01] [SUCCESS] Flutter application launched (PID: 16348).
[2026-08-08 12:43:01] [INFO] Entering process supervisor mode...
[2026-08-08 12:43:03] [INFO] Flutter application closed.
[2026-08-08 12:43:03] [SUCCESS] Falcon Launcher exiting cleanly.
[2026-08-08 12:50:15] [STARTUP] Starting Falcon AI Launcher in Development mode...
[2026-08-08 12:50:15] [INFO] Searching for Backend project...
[2026-08-08 12:50:15] [SUCCESS] Found Backend project at: C:\falcon
[2026-08-08 12:50:15] [INFO] Searching for Flutter project...
[2026-08-08 12:50:15] [SUCCESS] Found exactly one Flutter project at: C:\falcon
[2026-08-08 12:50:15] [INFO] Discovering Python environment...
[2026-08-08 12:50:15] [INFO] Verifying Python dependencies...
[2026-08-08 12:50:16] [SUCCESS] Dependencies verified successfully.
[2026-08-08 12:50:16] [INFO] Verifying Flutter SDK...
[2026-08-08 12:50:18] [SUCCESS] Flutter found: Flutter 3.44.8 G求 channel stable G求 https://github.com/flutter/flutter.git
[2026-08-08 12:50:18] [STARTUP] 
--- Falcon Startup Diagnostics ---
Project Root:          C:\falcon
Detected Backend Path: C:\falcon
Detected Flutter Path: C:\falcon
Selected Python:       python
Python Version:        Python 3.11.4
Environment Type:      System Python
Backend URL:           http://127.0.0.1:8000
Health Endpoint:       http://127.0.0.1:8000/api/v1/health
----------------------------------
[2026-08-08 12:50:18] [INFO] Verifying Falcon Wake Listener background service...
[2026-08-08 12:50:30] [SUCCESS] Falcon Wake Listener background service is active.
[2026-08-08 12:50:30] [INFO] Starting FastAPI backend...
[2026-08-08 12:50:30] [SUCCESS] Backend process started (PID: 3612).
[2026-08-08 12:50:30] [INFO] Waiting for backend health (http://127.0.0.1:8000/api/v1/health)...
[2026-08-08 12:50:30] [INFO] Health Check Attempt 1...
[2026-08-08 12:50:32] [WARN] Health Check Failed: The operation has timed out.
[2026-08-08 12:50:34] [INFO] Health Check Attempt 2...
[2026-08-08 12:50:34] [SUCCESS] Health Check Successful. Backend Ready.
[2026-08-08 12:50:34] [INFO] Launching Flutter Windows application...
[2026-08-08 12:50:34] [SUCCESS] Flutter application launched (PID: 19108).
[2026-08-08 12:50:34] [INFO] Entering process supervisor mode...
[2026-08-08 12:56:01] [STARTUP] Starting Falcon AI Launcher in Development mode...
[2026-08-08 12:56:01] [INFO] Searching for Backend project...
[2026-08-08 12:56:02] [SUCCESS] Found Backend project at: C:\falcon
[2026-08-08 12:56:02] [INFO] Searching for Flutter project...
[2026-08-08 12:56:02] [SUCCESS] Found exactly one Flutter project at: C:\falcon
[2026-08-08 12:56:02] [INFO] Discovering Python environment...
[2026-08-08 12:56:02] [INFO] Verifying Python dependencies...
[2026-08-08 12:56:03] [SUCCESS] Dependencies verified successfully.
[2026-08-08 12:56:03] [INFO] Verifying Flutter SDK...
[2026-08-08 12:56:04] [SUCCESS] Flutter found: Flutter 3.44.8 G求 channel stable G求 https://github.com/flutter/flutter.git
[2026-08-08 12:56:04] [STARTUP] 
--- Falcon Startup Diagnostics ---
Project Root:          C:\falcon
Detected Backend Path: C:\falcon
Detected Flutter Path: C:\falcon
Selected Python:       python
Python Version:        Python 3.11.4
Environment Type:      System Python
Backend URL:           http://127.0.0.1:8000
Health Endpoint:       http://127.0.0.1:8000/api/v1/health
----------------------------------
[2026-08-08 12:56:04] [INFO] Verifying Falcon Wake Listener background service...
[2026-08-08 12:56:15] [SUCCESS] Falcon Wake Listener background service is active.
[2026-08-08 12:56:15] [INFO] Starting FastAPI backend...
[2026-08-08 12:56:15] [SUCCESS] Backend process started (PID: 22308).
[2026-08-08 12:56:15] [INFO] Waiting for backend health (http://127.0.0.1:8000/api/v1/health)...
[2026-08-08 12:56:15] [INFO] Health Check Attempt 1...
[2026-08-08 12:56:17] [WARN] Health Check Failed: The operation has timed out.
[2026-08-08 12:56:19] [INFO] Health Check Attempt 2...
[2026-08-08 12:56:19] [SUCCESS] Health Check Successful. Backend Ready.
[2026-08-08 12:56:19] [INFO] Launching Flutter Windows application...
[2026-08-08 12:56:19] [SUCCESS] Flutter application launched (PID: 2872).
[2026-08-08 12:56:19] [INFO] Entering process supervisor mode...
[2026-08-08 12:57:07] [INFO] Flutter application closed.
[2026-08-08 12:57:07] [INFO] Stopping backend process...
[2026-08-08 12:57:07] [SUCCESS] Falcon Launcher exiting cleanly.
[2026-08-08 13:14:48] [STARTUP] Starting Falcon AI Launcher in Development mode...
[2026-08-08 13:14:48] [INFO] Searching for Backend project...
[2026-08-08 13:14:49] [SUCCESS] Found Backend project at: C:\falcon
[2026-08-08 13:14:49] [INFO] Searching for Flutter project...
[2026-08-08 13:14:49] [SUCCESS] Found exactly one Flutter project at: C:\falcon
[2026-08-08 13:14:49] [INFO] Discovering Python environment...
[2026-08-08 13:14:49] [INFO] Verifying Python dependencies...
[2026-08-08 13:14:50] [SUCCESS] Dependencies verified successfully.
[2026-08-08 13:14:50] [INFO] Verifying Flutter SDK...
[2026-08-08 13:14:52] [SUCCESS] Flutter found: Flutter 3.44.8 G求 channel stable G求 https://github.com/flutter/flutter.git
[2026-08-08 13:14:52] [STARTUP] 
--- Falcon Startup Diagnostics ---
Project Root:          C:\falcon
Detected Backend Path: C:\falcon
Detected Flutter Path: C:\falcon
Selected Python:       python
Python Version:        Python 3.11.4
Environment Type:      System Python
Backend URL:           http://127.0.0.1:8000
Health Endpoint:       http://127.0.0.1:8000/api/v1/health
----------------------------------
[2026-08-08 13:14:52] [INFO] Verifying Falcon Wake Listener background service...
[2026-08-08 13:15:02] [SUCCESS] Falcon Wake Listener background service is active.
[2026-08-08 13:15:02] [INFO] Starting FastAPI backend...
[2026-08-08 13:15:02] [SUCCESS] Backend process started (PID: 5956).
[2026-08-08 13:15:02] [INFO] Waiting for backend health (http://127.0.0.1:8000/api/v1/health)...
[2026-08-08 13:15:02] [INFO] Health Check Attempt 1...
[2026-08-08 13:15:04] [WARN] Health Check Failed: The operation has timed out.
[2026-08-08 13:15:06] [INFO] Health Check Attempt 2...
[2026-08-08 13:15:07] [SUCCESS] Health Check Successful. Backend Ready.
[2026-08-08 13:15:07] [INFO] Launching Flutter Windows application...
[2026-08-08 13:15:07] [SUCCESS] Flutter application launched (PID: 22156).
[2026-08-08 13:15:07] [INFO] Entering process supervisor mode...
[2026-08-08 13:15:33] [INFO] Flutter application closed.
[2026-08-08 13:15:33] [INFO] Stopping backend process...
[2026-08-08 13:15:33] [SUCCESS] Falcon Launcher exiting cleanly.
[2026-08-08 13:23:55] [STARTUP] Starting Falcon AI Launcher in Development mode...
[2026-08-08 13:23:55] [INFO] Searching for Backend project...
[2026-08-08 13:23:55] [SUCCESS] Found Backend project at: C:\falcon
[2026-08-08 13:23:55] [INFO] Searching for Flutter project...
[2026-08-08 13:23:55] [SUCCESS] Found exactly one Flutter project at: C:\falcon
[2026-08-08 13:23:55] [INFO] Discovering Python environment...
[2026-08-08 13:23:55] [INFO] Verifying Python dependencies...
[2026-08-08 13:23:56] [SUCCESS] Dependencies verified successfully.
[2026-08-08 13:23:56] [INFO] Verifying Flutter SDK...
[2026-08-08 13:23:58] [SUCCESS] Flutter found: Flutter 3.44.8 G求 channel stable G求 https://github.com/flutter/flutter.git
[2026-08-08 13:23:58] [STARTUP] 
--- Falcon Startup Diagnostics ---
Project Root:          C:\falcon
Detected Backend Path: C:\falcon
Detected Flutter Path: C:\falcon
Selected Python:       python
Python Version:        Python 3.11.4
Environment Type:      System Python
Backend URL:           http://127.0.0.1:8000
Health Endpoint:       http://127.0.0.1:8000/api/v1/health
----------------------------------
[2026-08-08 13:23:58] [INFO] Verifying Falcon Wake Listener background service...
[2026-08-08 13:24:08] [SUCCESS] Falcon Wake Listener background service is active.
[2026-08-08 13:24:08] [INFO] Starting FastAPI backend...
[2026-08-08 13:24:08] [SUCCESS] Backend process started (PID: 9272).
[2026-08-08 13:24:08] [INFO] Waiting for backend health (http://127.0.0.1:8000/api/v1/health)...
[2026-08-08 13:24:08] [INFO] Health Check Attempt 1...
[2026-08-08 13:24:10] [WARN] Health Check Failed: The operation has timed out.
[2026-08-08 13:24:12] [INFO] Health Check Attempt 2...
[2026-08-08 13:24:12] [SUCCESS] Health Check Successful. Backend Ready.
[2026-08-08 13:24:12] [INFO] Launching Flutter Windows application...
[2026-08-08 13:24:12] [SUCCESS] Flutter application launched (PID: 13764).
[2026-08-08 13:24:12] [INFO] Entering process supervisor mode...
[2026-08-08 13:29:11] [INFO] Flutter application closed.
[2026-08-08 13:29:11] [INFO] Stopping backend process...
[2026-08-08 13:29:11] [SUCCESS] Falcon Launcher exiting cleanly.
[2026-08-08 13:49:12] [STARTUP] Starting Falcon AI Launcher in Development mode...
[2026-08-08 13:49:12] [INFO] Searching for Backend project...
[2026-08-08 13:49:12] [SUCCESS] Found Backend project at: C:\falcon
[2026-08-08 13:49:12] [INFO] Searching for Flutter project...
[2026-08-08 13:49:12] [SUCCESS] Found exactly one Flutter project at: C:\falcon
[2026-08-08 13:49:12] [INFO] Discovering Python environment...
[2026-08-08 13:49:12] [INFO] Verifying Python dependencies...
[2026-08-08 13:49:13] [SUCCESS] Dependencies verified successfully.
[2026-08-08 13:49:13] [INFO] Verifying Flutter SDK...
[2026-08-08 13:49:15] [SUCCESS] Flutter found: Flutter 3.44.8 G求 channel stable G求 https://github.com/flutter/flutter.git
[2026-08-08 13:49:16] [STARTUP] 
--- Falcon Startup Diagnostics ---
Project Root:          C:\falcon
Detected Backend Path: C:\falcon
Detected Flutter Path: C:\falcon
Selected Python:       python
Python Version:        Python 3.11.4
Environment Type:      System Python
Backend URL:           http://127.0.0.1:8000
Health Endpoint:       http://127.0.0.1:8000/api/v1/health
----------------------------------
[2026-08-08 13:49:16] [INFO] Verifying Falcon Wake Listener background service...
[2026-08-08 13:49:27] [SUCCESS] Falcon Wake Listener background service is active.
[2026-08-08 13:49:27] [INFO] Starting FastAPI backend...
[2026-08-08 13:49:27] [SUCCESS] Backend process started (PID: 20280).
[2026-08-08 13:49:27] [INFO] Waiting for backend health (http://127.0.0.1:8000/api/v1/health)...
[2026-08-08 13:49:27] [INFO] Health Check Attempt 1...
[2026-08-08 13:49:29] [WARN] Health Check Failed: The operation has timed out.
[2026-08-08 13:49:31] [INFO] Health Check Attempt 2...
[2026-08-08 13:49:31] [SUCCESS] Health Check Successful. Backend Ready.
[2026-08-08 13:49:31] [INFO] Launching Flutter Windows application...
[2026-08-08 13:49:31] [SUCCESS] Flutter application launched (PID: 24328).
[2026-08-08 13:49:31] [INFO] Entering process supervisor mode...
[2026-08-08 13:51:48] [FAILURE] Backend process unexpectedly exited!
[2026-08-08 13:51:48] [WARN] Initiating auto-recovery attempt 1 of 3...
[2026-08-08 13:51:51] [INFO] Starting FastAPI backend...
[2026-08-08 13:51:51] [SUCCESS] Backend process started (PID: 7392).
[2026-08-08 13:51:51] [INFO] Waiting for backend health (http://127.0.0.1:8000/api/v1/health)...
[2026-08-08 13:51:51] [INFO] Health Check Attempt 1...
[2026-08-08 13:51:53] [WARN] Health Check Failed: The operation has timed out.
[2026-08-08 13:51:55] [INFO] Health Check Attempt 2...
[2026-08-08 13:51:55] [SUCCESS] Health Check Successful. Backend Ready.
[2026-08-08 13:54:23] [STARTUP] Starting Falcon AI Launcher in Development mode...
[2026-08-08 13:54:23] [INFO] Searching for Backend project...
[2026-08-08 13:54:23] [SUCCESS] Found Backend project at: C:\falcon
[2026-08-08 13:54:23] [INFO] Searching for Flutter project...
[2026-08-08 13:54:23] [SUCCESS] Found exactly one Flutter project at: C:\falcon
[2026-08-08 13:54:23] [INFO] Discovering Python environment...
[2026-08-08 13:54:23] [INFO] Verifying Python dependencies...
[2026-08-08 13:54:24] [SUCCESS] Dependencies verified successfully.
[2026-08-08 13:54:24] [INFO] Verifying Flutter SDK...
[2026-08-08 13:54:26] [SUCCESS] Flutter found: Flutter 3.44.8 G求 channel stable G求 https://github.com/flutter/flutter.git
[2026-08-08 13:54:26] [STARTUP] 
--- Falcon Startup Diagnostics ---
Project Root:          C:\falcon
Detected Backend Path: C:\falcon
Detected Flutter Path: C:\falcon
Selected Python:       python
Python Version:        Python 3.11.4
Environment Type:      System Python
Backend URL:           http://127.0.0.1:8000
Health Endpoint:       http://127.0.0.1:8000/api/v1/health
----------------------------------
[2026-08-08 13:54:26] [INFO] Verifying Falcon Wake Listener background service...
[2026-08-08 13:54:37] [SUCCESS] Falcon Wake Listener background service is active.
[2026-08-08 13:54:37] [INFO] Starting FastAPI backend...
[2026-08-08 13:54:37] [SUCCESS] Backend process started (PID: 19796).
[2026-08-08 13:54:37] [INFO] Waiting for backend health (http://127.0.0.1:8000/api/v1/health)...
[2026-08-08 13:54:37] [INFO] Health Check Attempt 1...
[2026-08-08 13:54:39] [WARN] Health Check Failed: The operation has timed out.
[2026-08-08 13:54:41] [INFO] Health Check Attempt 2...
[2026-08-08 13:54:41] [SUCCESS] Health Check Successful. Backend Ready.
[2026-08-08 13:54:41] [INFO] Launching Flutter Windows application...
[2026-08-08 13:54:41] [SUCCESS] Flutter application launched (PID: 4884).
[2026-08-08 13:54:41] [INFO] Entering process supervisor mode...
[2026-08-08 13:57:02] [INFO] Flutter application closed.
[2026-08-08 13:57:02] [INFO] Stopping backend process...
[2026-08-08 13:57:02] [SUCCESS] Falcon Launcher exiting cleanly.
[2026-08-08 13:59:56] [STARTUP] Starting Falcon AI Launcher in Development mode...
[2026-08-08 13:59:56] [INFO] Searching for Backend project...
[2026-08-08 13:59:56] [SUCCESS] Found Backend project at: C:\falcon
[2026-08-08 13:59:56] [INFO] Searching for Flutter project...
[2026-08-08 13:59:56] [SUCCESS] Found exactly one Flutter project at: C:\falcon
[2026-08-08 13:59:56] [INFO] Discovering Python environment...
[2026-08-08 13:59:56] [INFO] Verifying Python dependencies...
[2026-08-08 13:59:57] [SUCCESS] Dependencies verified successfully.
[2026-08-08 13:59:57] [INFO] Verifying Flutter SDK...
[2026-08-08 13:59:59] [SUCCESS] Flutter found: Flutter 3.44.8 G求 channel stable G求 https://github.com/flutter/flutter.git
[2026-08-08 13:59:59] [STARTUP] 
--- Falcon Startup Diagnostics ---
Project Root:          C:\falcon
Detected Backend Path: C:\falcon
Detected Flutter Path: C:\falcon
Selected Python:       python
Python Version:        Python 3.11.4
Environment Type:      System Python
Backend URL:           http://127.0.0.1:8000
Health Endpoint:       http://127.0.0.1:8000/api/v1/health
----------------------------------
[2026-08-08 13:59:59] [INFO] Verifying Falcon Wake Listener background service...
[2026-08-08 14:00:09] [SUCCESS] Falcon Wake Listener background service is active.
[2026-08-08 14:00:09] [INFO] Starting FastAPI backend...
[2026-08-08 14:00:09] [SUCCESS] Backend process started (PID: 15848).
[2026-08-08 14:00:09] [INFO] Waiting for backend health (http://127.0.0.1:8000/api/v1/health)...
[2026-08-08 14:00:09] [INFO] Health Check Attempt 1...
[2026-08-08 14:00:11] [WARN] Health Check Failed: The operation has timed out.
[2026-08-08 14:00:13] [INFO] Health Check Attempt 2...
[2026-08-08 14:00:13] [SUCCESS] Health Check Successful. Backend Ready.
[2026-08-08 14:00:13] [INFO] Launching Flutter Windows application...
[2026-08-08 14:00:13] [SUCCESS] Flutter application launched (PID: 13444).
[2026-08-08 14:00:13] [INFO] Entering process supervisor mode...
[2026-08-08 14:00:44] [INFO] Flutter application closed.
[2026-08-08 14:00:44] [INFO] Stopping backend process...
[2026-08-08 14:00:44] [SUCCESS] Falcon Launcher exiting cleanly.
